review_id,entity_id,date,time,customer_review,experience_driver_not_normalised,entity_name,theme,context,feedback_type,emotion,customer_journey,customer_journey_stage,interaction_moment,opportunity_stream,customer_effort_score,ou_name,keywords,semantic_action_statement,matters,stream_justification,behavioral_impact,emotion_primary,emotion_specific,canonical_theme,canonical_category,canonical_subcategory,experience_driver,theme_match_score,category_match_score,subcategory_match_score
1,1.1,2025-06-07,10:07:38,Apke store main jaa kar check karo tou availability hoti hain but online order karo to deliver nahi kartey frozen items specifically.,Product Availability → Online vs In-Store Discrepancy,Frozen Items,Inventory Consistency,Customer finds frozen items available in-store but not deliverable when ordered online.,Complaint,Agitation – Frustrated,Digital Engagement,Online Order Fulfillment,during online order attempt for frozen items,Fix,6,Frozen Items – Complaint – Fix,"['availability', 'frozen items', 'online order', 'in-store', 'discrepancy']","SECTION 1: THE CUSTOMER REALITY
  The customer submitted a Complaint about frozen items being available in-store but not deliverable 
  when ordered online during the online order attempt for frozen items

  SECTION 2: THE STRATEGIC RESPONSE
  We need to Fix → Product Availability → Online vs In-Store Discrepancy to address the discrepancy between in-store availability and online delivery options for frozen items",discrepancy between in-store availability and online delivery options for frozen items,"This inconsistency creates confusion and dissatisfaction, undermining trust in online services. Resolving this ensures alignment between in-store and online inventory systems.","Align inventory visibility across channels, reduce customer frustration, and enhance online shopping reliability.",Agitation,Frustrated,Inventory Consistency,Product Availability,Online vs In-Store Discrepancy,Product Availability → Online vs In-Store Discrepancy,100,100,100
2,2.1,2025-07-14,10:07:38,"Your app is showing the product in stock but when I place an order, I received a call that some of your required product is out of stock.",Product Availability → Real-Time Stock Visibility,App Stock Display,Inventory Integrity,Customer was informed post-order that items marked as in-stock were actually unavailable.,Complaint,Agitation – Frustrated,Purchase & Checkout,Order Confirmation,after placing the order,Fix,6,App Stock Display – Complaint – Fix,"['in stock', 'out of stock', 'order placement', 'inventory discrepancy']","SECTION 1: THE CUSTOMER REALITY
  The customer submitted a Complaint about being informed that items were out of stock after placing an order, despite the app showing them as available

  SECTION 2: THE STRATEGIC RESPONSE
  We need to Fix → Product Availability → Real-Time Stock Visibility to address misleading stock information that results in post-order availability issues",misleading stock information that results in post-order availability issues,"This is a critical failure in inventory accuracy, leading to customer frustration and potential loss of trust. Immediate correction is needed to ensure real-time stock accuracy.","Restore confidence in stock accuracy, reduce order cancellations, and improve customer satisfaction with inventory transparency.",Agitation,Frustrated,Inventory Integrity,Product Availability,Real-Time Stock Visibility,Product Availability → Real-Time Stock Visibility,100,100,100
3,3.1,2025-06-09,10:07:38,Olives were in stock when I ordered when they delivered it was out of stock. I ordered butter crunch biscuit but they delivered biscuits of their choice.,Product Availability → Real-Time Stock Visibility,Olives,Inventory Integrity,Customer ordered olives that were shown as in stock but were out of stock upon delivery.,Complaint,Agitation – Frustrated,Delivery & Fulfillment,Order Fulfillment,during delivery when olives were found to be out of stock,Fix,6,Olives – Complaint – Fix,"['out of stock', 'real-time availability', 'order', 'delivery', 'frustration']","SECTION 1: THE CUSTOMER REALITY
  The customer submitted a Complaint about olives being shown as in stock but were out of stock upon delivery

  SECTION 2: THE STRATEGIC RESPONSE
  We need to Fix → Product Availability → Real-Time Stock Visibility to address misleading stock visibility that results in unavailable items being ordered",misleading stock visibility that results in unavailable items being ordered,"This is a direct failure of inventory integrity at a critical purchase moment, introducing friction, confusion, and emotional erosion. Fixing this restores purchase reliability and trust.","Reinstate confidence in real-time stock accuracy, reduce failed purchase attempts, and lower cart abandonment at the conversion point.",Agitation,Frustrated,Inventory Integrity,Product Availability,Real-Time Stock Visibility,Product Availability → Real-Time Stock Visibility,100,100,100
3,3.2,2025-06-09,10:07:38,Olives were in stock when I ordered when they delivered it was out of stock. I ordered butter crunch biscuit but they delivered biscuits of their choice.,Order Accuracy → Substitution Quality,Butter Crunch Biscuit,Order Fulfillment,Customer ordered butter crunch biscuits but received a different type of biscuits.,Complaint,Agitation – Annoyed,Delivery & Fulfillment,Order Fulfillment,during delivery when incorrect biscuits were delivered,Fix,5,Butter Crunch Biscuit – Complaint – Fix,"['substitution', 'order accuracy', 'wrong item', 'delivery', 'frustration']","SECTION 1: THE CUSTOMER REALITY
  The customer submitted a Complaint about receiving a different type of biscuits instead of the ordered butter crunch biscuits during delivery

  SECTION 2: THE STRATEGIC RESPONSE
  We need to Fix → Order Accuracy → Substitution Quality to address incorrect product substitutions that do not match customer orders",incorrect product substitutions that do not match customer orders,"This represents a failure in order accuracy and substitution logic, leading to customer dissatisfaction and potential loss of trust. Immediate correction is needed to ensure order integrity.","Improve substitution processes, ensure customer satisfaction with order accuracy, and maintain trust in delivery services.",Agitation,Annoyed,Order Fulfillment,Order Accuracy,Substitution Quality,Order Accuracy → Substitution Quality,100,100,100
4,4.1,2025-05-18,10:07:38,I place 3 type of fish in my order only receive 2 type of fish and one the biscuit fish has too bad smell and having lots of salt in it.,Order Accuracy → Item Fulfillment,Fish Order,Delivery & Fulfillment,"Customer ordered three types of fish but received only two, and the biscuit fish had a bad smell and was overly salty.",Complaint,Agitation – Disappointed,Delivery & Fulfillment,Order Completion,upon receiving the order,Fix,6,Fish Order – Complaint – Fix,"['missing item', 'bad smell', 'overly salty', 'order fulfillment']","SECTION 1: THE CUSTOMER REALITY
  The customer submitted a Complaint about receiving only two types of fish instead of three, and the biscuit fish had a bad smell and was overly salty upon receiving the order

  SECTION 2: THE STRATEGIC RESPONSE
  We need to Fix → Order Accuracy → Item Fulfillment to address missing fish types and poor quality of delivered fish that lead to dissatisfaction",missing fish types and poor quality of delivered fish that lead to dissatisfaction,"The order was incomplete and the quality of the delivered item was substandard, causing customer dissatisfaction and requiring immediate resolution.","Restore trust in order accuracy and product quality, reduce risk of future order errors, and improve customer satisfaction.",Agitation,Disappointed,Delivery & Fulfillment,Order Accuracy,Item Fulfillment,Order Accuracy → Item Fulfillment,100,100,100
5,5.1,2025-06-14,10:07:38,I received my order three days late because some items weren't in stock and even then I received half of the items. No prior informing.,Order Accuracy → Fulfillment Notification,Order Fulfillment Communication,Delivery & Fulfillment,Customer received their order three days late with missing items and no prior notification.,Complaint,Anger – Frustrated,Delivery & Fulfillment,Order Fulfillment,when receiving the order,Fix,7,Order Fulfillment Communication – Complaint – Fix,"['late delivery', 'missing items', 'no notification', 'stock issues']","SECTION 1: THE CUSTOMER REALITY
  The customer submitted a Complaint about receiving their order three days late with missing items and no prior notification when receiving the order

  SECTION 2: THE STRATEGIC RESPONSE
  We need to Fix → Order Accuracy → Fulfillment Notification to address lack of prior notification for out-of-stock items leading to delayed and incomplete orders",lack of prior notification for out-of-stock items leading to delayed and incomplete orders,"This represents a breakdown in communication and fulfillment accuracy, causing significant customer frustration and trust erosion. Immediate resolution is required to restore reliability and customer confidence.","Improve communication on stock availability, reduce delivery delays, and enhance customer trust in order fulfillment processes.",Anger,Frustrated,Delivery & Fulfillment,Order Accuracy,Item Fulfillment,Order Accuracy → Item Fulfillment,100,100,100
6,6.1,2025-05-19,10:07:38,"While placing the order online, I selected Dec 16 as delivery date. But the order was delivered on Dec 12. It caused very inconvenience to me. I also lodged formal complaint for that.",Delivery Experience → Timing,Scheduled Delivery Date,Delivery & Fulfillment,"Customer selected Dec 16 as the delivery date, but the order was delivered on Dec 12, causing inconvenience.",Complaint,Agitation – Frustrated,Delivery & Fulfillment,Delivery Scheduling,during delivery scheduling and execution,Fix,6,Scheduled Delivery Date – Complaint – Fix,"['delivery date', 'inconvenience', 'wrong date', 'complaint']","SECTION 1: THE CUSTOMER REALITY
  The customer submitted a Complaint about their order being delivered on Dec 12 instead of the selected Dec 16, causing inconvenience

  SECTION 2: THE STRATEGIC RESPONSE
  We need to Fix → Delivery Experience → Timing to address incorrect delivery dates that disrupt customer plans and cause inconvenience",incorrect delivery dates that disrupt customer plans and cause inconvenience,"The delivery was executed on the wrong date, directly impacting the customer's schedule and causing frustration. This requires immediate correction to restore trust in delivery scheduling.","Ensure delivery accuracy, reduce scheduling errors, and maintain customer trust in delivery commitments.",Agitation,Frustrated,Delivery & Fulfillment,Delivery Experience,Timing,Delivery Experience → Timing,100,100,100
7,7.1,2025-05-06,10:07:38,"My order was missing an item, I was not informed that this item was not available/missing. My card was charged the full order amount but the delivery receipt was less because of the missing item, I was not refunded the extra charged amount.",Order Accuracy → Missing Item Notification,Order Notification System,Order Fulfillment Integrity,"Customer was not informed about a missing item in their order, leading to a discrepancy between the charged amount and the delivery receipt.",Complaint,Agitation – Frustrated,Delivery & Fulfillment,Order Completion & Receipt,upon receiving the delivery receipt,Fix,6,Order Notification System – Complaint – Fix,"['missing item', 'no notification', 'order discrepancy', 'charged full amount', 'refund issue']","SECTION 1: THE CUSTOMER REALITY
  The customer submitted a Complaint that upon receiving the delivery receipt, they were not informed about a missing item, leading to a discrepancy between the charged amount and the delivery receipt.

  SECTION 2: THE STRATEGIC RESPONSE
  We need to Fix → Order Accuracy → Missing Item Notification to address missing item notifications that lead to order discrepancies and refund issues.",missing item notifications that lead to order discrepancies and refund issues,"This is a direct failure in the order notification process, causing financial discrepancies and customer frustration. Immediate resolution is required to restore trust and ensure accurate billing.","Restore order fulfillment integrity, ensure accurate billing, and prevent future discrepancies in customer charges.",Agitation,Frustrated,Order Fulfillment,Order Accuracy,Missing Item Notification,Order Accuracy → Missing Item Notification,100,100,100
8,8.1,2025-05-20,10:07:38,"Recently I received the wrong product, I don't know why Metro sent me the wrong product. Metro is one of the big and famous brands in Pakistan. This is not good.",Order Accuracy → Error Resolution,Metro,Order Fulfillment,"Customer received an incorrect product from Metro, a well-known brand in Pakistan.",Complaint,Agitation – Disappointed,Delivery & Fulfillment,Order Receipt,upon receiving the delivery,Fix,6,Metro – Complaint – Fix,"['wrong product', 'order accuracy', 'Metro', 'brand reputation', 'disappointment']","SECTION 1: THE CUSTOMER REALITY
  The customer submitted a Complaint about receiving the wrong product from Metro, a well-known brand in Pakistan, upon receiving the delivery

  SECTION 2: THE STRATEGIC RESPONSE
  We need to Fix → Order Accuracy → Error Resolution to address incorrect product deliveries that undermine brand trust and customer satisfaction",incorrect product deliveries that undermine brand trust and customer satisfaction,"This is a direct failure in order accuracy, impacting customer trust and brand reputation. Immediate resolution is required to restore confidence and prevent future errors.","Reinforce order accuracy, protect brand reputation, and enhance customer satisfaction by ensuring correct product delivery.",Agitation,Disappointed,Order Fulfillment,Order Accuracy,Error Resolution,Order Accuracy → Error Resolution,100,100,100
9,9.1,2025-06-21,10:07:38,"Din Ho Gaye Hain Par Abi Tak Mujhe Mera Order Received Nai Hua. Mujhy Metro Ke Ess Number (03245000924) Say Call Bii Ayi Thi Wo Keh Rahy Thy Cooper Color Available Nahi Black Or White Color Mil Jaye Ga, Main Nay Kaha Tha Black Beajh Deyn, Wo Kehty Thori Dair Tak App Ko Deliver Ho Jaye Ga, But Ab To 5 Din Ho Gye No Any Response. Kindly Jaldi Deliver Kar Deyn We Are Still Waiting Thanks My Order Number 960110008185003-1 Also Attach Screenshot Of My Order Thank You",Delivery Experience → Timing,Order Number 960110008185003-1,Delivery Fulfillment,Customer has not received their order even after 5 days despite being promised a delivery.,Complaint,Agitation – Frustrated,Delivery & Fulfillment,Delivery Completion,after being promised delivery within a short time frame,Fix,6,Order Number 960110008185003-1 – Complaint – Fix,"['order delay', 'no response', 'delivery timing', 'waiting']","SECTION 1: THE CUSTOMER REALITY
  The customer submitted a Complaint about not receiving their order even after 5 days despite being promised a delivery within a short time frame

  SECTION 2: THE STRATEGIC RESPONSE
  We need to Fix → Delivery Experience → Timing to address delayed delivery that fails to meet promised timelines, causing customer frustration","delayed delivery that fails to meet promised timelines, causing customer frustration","The delivery promise was broken, leading to customer dissatisfaction and potential trust erosion. Immediate resolution is required to restore service reliability.","Restore delivery reliability, reduce customer frustration, and prevent future trust issues.",Agitation,Frustrated,Delivery & Fulfillment,Delivery Experience,Timing,Delivery Experience → Timing,100,100,100
10,10.1,2025-05-19,10:07:38,Products available online are not available on store when physically visited.,Product Availability → Online vs. In-Store Consistency,Online and Physical Store Inventory,Inventory Consistency,Customer found discrepancies between online product availability and in-store stock.,Complaint,Agitation – Frustrated,In-Store Experience,Product Search & Discovery,when attempting to purchase items seen online,Fix,6,Online and Physical Store Inventory – Complaint – Fix,"['online availability', 'in-store stock', 'discrepancy', 'inventory consistency']","SECTION 1: THE CUSTOMER REALITY
  The customer submitted a Complaint about finding discrepancies between online product availability and in-store stock when attempting to purchase items seen online

  SECTION 2: THE STRATEGIC RESPONSE
  We need to Fix → Product Availability → Online vs. In-Store Consistency to address inconsistent inventory listings that mislead customers about product availability",inconsistent inventory listings that mislead customers about product availability,"This inconsistency creates a trust gap and disrupts the shopping experience, necessitating a fix to align online and in-store inventory data.","Restore trust in inventory accuracy, reduce customer frustration, and improve cross-channel shopping reliability.",Agitation,Frustrated,Inventory Consistency,Product Availability,Online vs In-Store Discrepancy,Product Availability → Online vs In-Store Discrepancy,100,100,100
11,11.1,2025-07-02,10:07:38,Mera order b do din late aya jab k order Wednesday ko kia nd received Friday ko hua 😤,Delivery Experience → Timing,Order Delivery,Delivery & Fulfillment,"Customer's order was delayed by two days, ordered on Wednesday and received on Friday.",Complaint,Anger – Frustrated,Delivery & Fulfillment,Delivery Completion,when the order was received two days late,Fix,6,Order Delivery – Complaint – Fix,"['late delivery', 'two days delay', 'order timing', 'frustration']","SECTION 1: THE CUSTOMER REALITY
  The customer submitted a Complaint about their order being delayed by two days, ordered on Wednesday and received on Friday

  SECTION 2: THE STRATEGIC RESPONSE
  We need to Fix → Delivery Experience → Timing to address two-day delivery delays that disrupt customer expectations and plans",two-day delivery delays that disrupt customer expectations and plans,"The delay in delivery timing directly impacts customer satisfaction and reliability perception, necessitating immediate resolution to restore trust.","Improve delivery reliability, reduce customer frustration, and enhance trust in delivery commitments.",Anger,Frustrated,Delivery & Fulfillment,Delivery Experience,Timing,Delivery Experience → Timing,100,100,100
12,12.1,2025-05-23,10:07:38,"I was told by the delivery guy that for the items that were not delivered, I'll get the refund of money in my wallet. But it's been quite a long I haven't received my refund yet.",Order & Payment → Refund Processing,Wallet Refund,Payment Resolution,"Customer was promised a refund for undelivered items, but has not received it in their wallet after a significant delay.",Complaint,Agitation – Frustrated,Post-Purchase Resolution,Refund & Compensation,after being informed by the delivery person about the refund,Fix,6,Wallet Refund – Complaint – Fix,"['refund', 'wallet', 'undelivered items', 'delay', 'payment issue']","SECTION 1: THE CUSTOMER REALITY
  The customer submitted a Complaint about not receiving a promised refund for undelivered items in their wallet after being informed by the delivery person

  SECTION 2: THE STRATEGIC RESPONSE
  We need to Fix → Order & Payment → Refund Processing to address delayed wallet refunds for undelivered items that cause customer frustration",delayed wallet refunds for undelivered items that cause customer frustration,"The refund process is failing to meet promised timelines, directly impacting customer trust and satisfaction. Immediate resolution is required to restore confidence in payment reliability.","Reinstate trust in refund processes, reduce customer anxiety over financial discrepancies, and ensure timely compensation for service failures.",Agitation,Frustrated,Payment Resolution,Order & Payment,Refund Processing,Order & Payment → Refund Processing,100,100,100
13,13.1,2025-06-24,10:07:38,"I ordered Veal meat online, I tried buying from metro store but veal was never available at the time I would visit. Although I ordered 15kgs and was told that the full weight is still not available but I am pleased that at least 13 kg was delivered and I appreciate the effort. Looking forward to ordering again. Kindly inform about the metro chef line ready to cook 'chicken bites' and 'chicken fillet' my kids love the taste and I like the price and weight of these products. For the past month or so I cannot find these in store.",Product Availability → Out-of-Stock Management,Veal Meat,Inventory Management,Customer was unable to find veal meat in-store but was satisfied with the partial fulfillment of their online order.,Compliment,Appreciation – Satisfied,Order Fulfillment,Delivery Completion,when receiving partial order fulfillment,Amplify,3,Veal Meat – Compliment – Amplify,"['veal meat', 'out of stock', 'partial fulfillment', 'online order', 'satisfaction']","SECTION 1: THE CUSTOMER REALITY
  The customer gave a Compliment about being satisfied with the partial fulfillment of their veal meat order when receiving the delivery

  SECTION 2: THE STRATEGIC RESPONSE
  We need to Amplify → Product Availability → Out-of-Stock Management to address partial fulfillment of veal meat order that meets customer satisfaction despite initial unavailability",partial fulfillment of veal meat order that meets customer satisfaction despite initial unavailability,"The customer expressed satisfaction with the effort to fulfill their order despite stock limitations, indicating a positive experience worth reinforcing.","Reinforce customer trust in partial fulfillment processes, encourage repeat orders, and maintain satisfaction levels.",Appreciation,Satisfied,Inventory Management,Product Availability,Out-of-Stock Management,Product Availability → Out-of-Stock Management,100,100,100
13,13.2,2025-06-24,10:07:38,"I ordered Veal meat online, I tried buying from metro store but veal was never available at the time I would visit. Although I ordered 15kgs and was told that the full weight is still not available but I am pleased that at least 13 kg was delivered and I appreciate the effort. Looking forward to ordering again. Kindly inform about the metro chef line ready to cook 'chicken bites' and 'chicken fillet' my kids love the taste and I like the price and weight of these products. For the past month or so I cannot find these in store.",Product Availability → Out-of-Stock Management,Metro Chef Line Chicken Bites and Chicken Fillet,Inventory Management,Customer is unable to find Metro Chef Line 'chicken bites' and 'chicken fillet' in-store for the past month.,Complaint,Agitation – Frustrated,In-Store Experience,Product Search,when searching for Metro Chef Line products in-store,Fix,5,Metro Chef Line Chicken Bites and Chicken Fillet – Complaint – Fix,"['chicken bites', 'chicken fillet', 'out of stock', 'Metro Chef Line', 'in-store availability']","SECTION 1: THE CUSTOMER REALITY
  The customer submitted a Complaint about being unable to find Metro Chef Line 'chicken bites' and 'chicken fillet' in-store for the past month

  SECTION 2: THE STRATEGIC RESPONSE
  We need to Fix → Product Availability → Out-of-Stock Management to address persistent unavailability of popular Metro Chef Line products that frustrates regular customers",persistent unavailability of popular Metro Chef Line products that frustrates regular customers,The ongoing unavailability of popular products is causing customer frustration and requires immediate resolution to restore product access and customer satisfaction.,"Improve product availability, reduce customer frustration, and enhance in-store shopping experience.",Agitation,Frustrated,Inventory Management,Product Availability,Out-of-Stock Management,Product Availability → Out-of-Stock Management,100,100,100
14,14.1,2025-07-05,10:07:38,"Order was received but delay of 15 days was a lot. Moreover, even helpline does not pick up the phone, that is pathetic.",Delivery Experience → Timing,Order Delivery,Delivery & Fulfillment,Customer experienced a 15-day delay in order delivery and was unable to reach support via helpline.,Complaint,Anger – Frustrated,Delivery & Fulfillment,Delivery Completion,when order was delayed by 15 days,Fix,7,Order Delivery – Complaint – Fix,"['delay', '15 days', 'helpline', 'unreachable', 'pathetic']","SECTION 1: THE CUSTOMER REALITY
  The customer submitted a Complaint about experiencing a 15-day delay in order delivery and being unable to reach support via helpline

  SECTION 2: THE STRATEGIC RESPONSE
  We need to Fix → Delivery Experience → Timing to address extended delivery delays and unresponsive support channels that heighten customer frustration",extended delivery delays and unresponsive support channels that heighten customer frustration,"The significant delay and lack of support access represent a critical breakdown in service reliability, necessitating immediate corrective action to restore trust and operational efficiency.","Reduce delivery lead times, ensure support accessibility, and prevent future customer dissatisfaction.",Anger,Frustrated,Delivery & Fulfillment,Delivery Experience,Timing,Delivery Experience → Timing,100,100,100
15,15.1,2025-07-06,10:07:38,Order should be delivered within time slot and once confirmed items shouldn't be out of stock.,Delivery Experience → Timing,Scheduled Delivery Slot,Delivery & Fulfillment,Customer expects delivery within the confirmed time slot and availability of all confirmed items.,Request,Agitation – Frustrated,Delivery & Fulfillment,Delivery Scheduling & Confirmation,during delivery scheduling and item confirmation,Fix,6,Scheduled Delivery Slot – Request – Fix,"['delivery timing', 'scheduled slot', 'out of stock', 'confirmed items']","SECTION 1: THE CUSTOMER REALITY
  The customer made a Request for delivery to occur within the confirmed time slot and for all confirmed items to be available during delivery scheduling and item confirmation

  SECTION 2: THE STRATEGIC RESPONSE
  We need to Fix → Delivery Experience → Timing to address failure to adhere to scheduled delivery times and ensure item availability",failure to adhere to scheduled delivery times and ensure item availability,"This request highlights a critical expectation for reliability in delivery timing and inventory accuracy, which are fundamental to customer satisfaction and trust.","Improve delivery reliability, ensure inventory accuracy, and enhance customer trust in service commitments.",Agitation,Frustrated,Delivery & Fulfillment,Delivery Experience,Timing,Delivery Experience → Timing,100,100,100
16,16.1,2025-07-09,10:07:38,I have complain about Meat. Very very low quality meat delivered. Very much disappointed.,Product Quality → Product Condition,Meat,Product & Selection,Customer received low-quality meat and expressed disappointment.,Complaint,Agitation – Disappointed,Delivery & Fulfillment,Order Receipt,upon delivery of meat,Fix,6,Meat – Complaint – Fix,"['low quality', 'meat', 'disappointed', 'delivered']","SECTION 1: THE CUSTOMER REALITY
  The customer submitted a Complaint that upon delivery of meat, they found it to be of very low quality, leading to disappointment

  SECTION 2: THE STRATEGIC RESPONSE
  We need to Fix → Product Quality → Product Condition to address low-quality meat deliveries that cause customer dissatisfaction",low-quality meat deliveries that cause customer dissatisfaction,"The quality of the delivered meat did not meet customer expectations, leading to dissatisfaction. Immediate action is required to ensure product quality standards are met.","Improve product quality control, enhance customer satisfaction, and reduce negative delivery experiences.",Agitation,Disappointed,Product & Selection,Product Quality,Product Condition,Product Quality → Product Condition,100,100,100
17,17.1,2025-05-23,10:07:38,Har chez achi or original ha or expairy date b kafi ha but ap ki application slow boht zada ya ruk ruk k chalti ha and ap discount voucher b dia krain,Mobile App → Performance Stability,Grocery App,Technical Reliability,Customer experiences significant lag and interruptions while using the app.,Complaint,Agitation – Frustrated,Digital Engagement,App Usage,while using the app,Fix,6,Grocery App – Complaint – Fix,"['slow', 'lag', 'app performance', 'interruption']","SECTION 1: THE CUSTOMER REALITY
  The customer submitted a Complaint about experiencing significant lag and interruptions while using the app

  SECTION 2: THE STRATEGIC RESPONSE
  We need to Fix → Mobile App → Performance Stability to address app performance issues that cause slow and interrupted usage",app performance issues that cause slow and interrupted usage,"The app's performance issues are causing significant user frustration and hindering the digital shopping experience, necessitating immediate technical resolution.","Improve app reliability, enhance user satisfaction, and reduce friction in digital engagement.",Agitation,Frustrated,Technical Reliability,Mobile App,Performance Stability,Mobile App → Performance Stability,100,100,100
17,17.2,2025-05-23,10:07:38,Har chez achi or original ha or expairy date b kafi ha but ap ki application slow boht zada ya ruk ruk k chalti ha and ap discount voucher b dia krain,Promotions & Discounts → Voucher Availability,Discount Vouchers,Customer Incentives,Customer requests the availability of discount vouchers.,Request,Appreciation – Interested,Digital Engagement,App Usage,while considering purchase incentives,Innovate,3,Discount Vouchers – Request – Innovate,"['discount', 'voucher', 'availability', 'request']","SECTION 1: THE CUSTOMER REALITY
  The customer made a Request for the availability of discount vouchers while considering purchase incentives

  SECTION 2: THE STRATEGIC RESPONSE
  We need to Innovate → Promotions & Discounts → Voucher Availability to address lack of discount vouchers that could enhance purchase incentives",lack of discount vouchers that could enhance purchase incentives,The request for discount vouchers indicates a potential area for enhancing customer engagement and incentivizing purchases through promotional offers.,"Increase customer engagement, drive sales through incentives, and enhance the value proposition of the app.",Appreciation,Interested,Customer Incentives,Promotions & Discounts,Voucher Availability,Promotions & Discounts → Voucher Availability,100,100,100
18,18.1,2025-06-15,10:07:38,Kindly add more vouchers for online orders as I like to order full month grocery from metro and my bills are likely to be more than 10k. So please add more vouchers like for 10k purchase above. Just 300 voucher is not sufficient.,Promotions & Discounts → Voucher Value,10k Purchase Voucher,Order & Payment,Customer requests higher-value vouchers for large monthly grocery orders exceeding 10k.,Request,Appreciation – Interested,Digital Engagement,Order Placement,while planning a large monthly grocery order,Innovate,4,10k Purchase Voucher – Request – Innovate,"['vouchers', 'online orders', '10k purchase', 'insufficient value']","SECTION 1: THE CUSTOMER REALITY
  The customer made a Request for higher-value vouchers while planning a large monthly grocery order exceeding 10k

  SECTION 2: THE STRATEGIC RESPONSE
  We need to Innovate → Promotions & Discounts → Voucher Value to address insufficient voucher value for high-spend customers seeking greater savings",insufficient voucher value for high-spend customers seeking greater savings,"The customer is expressing a need for more substantial savings on large purchases, indicating an opportunity to enhance customer loyalty and increase order value through improved voucher offerings.","Encourage higher spending thresholds, increase customer satisfaction, and strengthen loyalty through enhanced promotional strategies.",Appreciation,Interested,Order & Payment,Promotions & Discounts,Voucher Value,Promotions & Discounts → Voucher Value,100,100,100
19,19.1,2025-05-26,10:07:38,میں نے جو آڈر کیا تھا اس کے آنے کا وقت دوپہر 1 بجے سے 4 بجے تک بتایا گیا۔ مگر وہ مجھے شام 6:30 بجے ملا۔ انتہائ کوفت کا شکار ہوئ میں۔,Delivery Experience → Timing,Scheduled Delivery,Delivery & Fulfillment,Customer received their order at 6:30 PM despite being promised delivery between 1 PM and 4 PM.,Complaint,Agitation – Frustrated,Delivery & Fulfillment,Delivery Completion,when the order was delivered late,Fix,6,Scheduled Delivery – Complaint – Fix,"['late delivery', 'timing issue', 'frustration', 'scheduled delivery']","SECTION 1: THE CUSTOMER REALITY
  The customer submitted a Complaint that their order was delivered at 6:30 PM, despite being promised between 1 PM and 4 PM

  SECTION 2: THE STRATEGIC RESPONSE
  We need to Fix → Delivery Experience → Timing to address late deliveries that breach promised time slots and cause customer frustration",late deliveries that breach promised time slots and cause customer frustration,"The delivery was significantly delayed beyond the promised window, causing customer dissatisfaction and undermining trust in delivery reliability.","Restore trust in delivery timing, reduce customer frustration, and improve adherence to scheduled delivery windows.",Agitation,Frustrated,Delivery & Fulfillment,Delivery Experience,Timing,Delivery Experience → Timing,100,100,100
20,20.1,2025-05-18,10:07:38,In my last order the cheese I had ordered was replaced by a different cheese but I was charged for the same product that I had originally ordered.,Order Accuracy → Substitution & Pricing,Cheese Substitution,Order Fulfillment Integrity,Customer received a different cheese than ordered but was charged for the original product.,Complaint,Agitation – Frustrated,Delivery & Fulfillment,Order Completion & Billing,upon receiving the order and checking the invoice,Fix,6,Cheese Substitution – Complaint – Fix,"['substitution', 'incorrect charge', 'cheese', 'order fulfillment']","SECTION 1: THE CUSTOMER REALITY
  The customer submitted a Complaint about receiving a different cheese than ordered and being charged for the original product upon receiving the order and checking the invoice

  SECTION 2: THE STRATEGIC RESPONSE
  We need to Fix → Order Accuracy → Substitution & Pricing to address incorrect product substitutions that lead to billing discrepancies",incorrect product substitutions that lead to billing discrepancies,"This is a direct failure in order fulfillment and billing accuracy, causing customer frustration and potential trust erosion. Immediate resolution is required to restore confidence in order integrity.","Ensure accurate substitutions and billing, reduce customer dissatisfaction, and maintain trust in order fulfillment processes.",Agitation,Frustrated,Order Fulfillment,Order Accuracy,Substitution & Pricing,Order Accuracy → Substitution & Pricing,100,100,100
21,21.1,2025-06-21,10:07:38,Just add options on meat mince like chopped thick and chopped thin.,Customization Options → Product Customization,Meat Mince,Product Personalization,Customer suggests adding customization options for meat mince thickness.,Suggestion,Appreciation – Interested,Product Selection,Customization Options,while selecting meat mince,Innovate,3,Meat Mince – Suggestion – Innovate,"['customization', 'meat mince', 'chopped thick', 'chopped thin']","SECTION 1: THE CUSTOMER REALITY
  The customer made a Suggestion that while selecting meat mince, they wanted options for thickness customization

  SECTION 2: THE STRATEGIC RESPONSE
  We need to Innovate → Customization Options → Product Customization to address the need for thickness customization options that enhance product personalization",thickness customization options that enhance product personalization,"This suggestion reflects a desire for enhanced product personalization, indicating an opportunity to innovate by offering customizable options.","Increase customer satisfaction by offering personalized product options, potentially boosting sales and customer loyalty.",Appreciation,Interested,Product Personalization,Customization Options,Product Customization,Customization Options → Product Customization,100,100,100
22,22.1,2025-06-11,10:07:38,Since the date of expiry of milk cartons was near so your agent timely informed me through call and asked if I still want to order or not. I liked this transparency.,Customer Support → Proactive Communication,Expiry Date Notification,Customer Engagement,"Customer was informed about the near expiry date of milk cartons through a proactive call, allowing them to decide on the order.",Compliment,Appreciation – Grateful,Order & Fulfillment,Pre-Order Confirmation,during a proactive call about expiry dates,Amplify,2,Expiry Date Notification – Compliment – Amplify,"['expiry date', 'proactive call', 'transparency', 'customer decision']","SECTION 1: THE CUSTOMER REALITY
  The customer gave a Compliment that during a proactive call about expiry dates, they were informed about the near expiry date of milk cartons, allowing them to decide on the order

  SECTION 2: THE STRATEGIC RESPONSE
  We need to Amplify → Customer Support → Proactive Communication to address proactive expiry date notifications that enhance transparency and customer trust",proactive expiry date notifications that enhance transparency and customer trust,"This proactive communication builds trust and transparency, reinforcing customer satisfaction and loyalty.","Strengthen customer trust, enhance transparency, and encourage repeat business through proactive engagement.",Appreciation,Grateful,Customer Engagement,Customer Support,Proactive Communication,Customer Support → Proactive Communication,100,100,100
23,23.1,2025-06-05,10:07:38,I got Rs 100 less for my 5000 note. Order was late although since morning it was told it will reach in an hour.,Order & Payment → Payment Discrepancy,Cash Payment Shortage,Payment Integrity,Customer received Rs 100 less than expected for a Rs 5000 note.,Complaint,Anger – Frustrated,Payment & Settlement,Cash Handling,during cash payment,Fix,6,Cash Payment Shortage – Complaint – Fix,"['payment discrepancy', 'cash shortage', 'Rs 100 less', '5000 note']","SECTION 1: THE CUSTOMER REALITY
  The customer submitted a Complaint that during cash payment, they received Rs 100 less for their 5000 note

  SECTION 2: THE STRATEGIC RESPONSE
  We need to Fix → Order & Payment → Payment Discrepancy to address cash payment shortages that lead to customer distrust",cash payment shortages that lead to customer distrust,This is a direct financial discrepancy that undermines trust and requires immediate correction to maintain payment integrity.,"Restore trust in cash transactions, ensure accurate payment handling, and prevent future discrepancies.",Anger,Frustrated,Payment Integrity,Order & Payment,Payment Discrepancy,Order & Payment → Payment Discrepancy,100,100,100
23,23.2,2025-06-05,10:07:38,I got Rs 100 less for my 5000 note. Order was late although since morning it was told it will reach in an hour.,Delivery & Fulfillment → Timeliness,Delayed Delivery,Delivery Reliability,Order was late despite being promised to arrive within an hour since morning.,Complaint,Agitation – Annoyed,Delivery & Fulfillment,Delivery Timing,when delivery was delayed beyond promised time,Fix,5,Delayed Delivery – Complaint – Fix,"['late delivery', 'timeliness', 'promised time', 'hour delay']","SECTION 1: THE CUSTOMER REALITY
  The customer submitted a Complaint that when delivery was delayed beyond promised time, it caused inconvenience

  SECTION 2: THE STRATEGIC RESPONSE
  We need to Fix → Delivery & Fulfillment → Timeliness to address late deliveries that disrupt customer plans",late deliveries that disrupt customer plans,"The delay in delivery breaks the service promise and causes customer inconvenience, necessitating immediate resolution to uphold delivery reliability.","Improve delivery accuracy, enhance customer satisfaction, and maintain service reliability.",Agitation,Annoyed,Delivery Reliability,Delivery & Fulfillment,Timeliness,Delivery & Fulfillment → Timeliness,100,100,100
24,24.1,2025-06-21,10:07:38,Ordered Item was not delivered and for another item the price was charged @ Rs 341.00 per Kg. instead of Rs. 148.00 per Kg.,Order Accuracy → Delivery Fulfillment,Ordered Item,Delivery & Fulfillment,Customer did not receive an ordered item and was overcharged for another item.,Complaint,Anger – Frustrated,Delivery & Fulfillment,Order Completion,upon receiving the order,Fix,6,Ordered Item – Complaint – Fix,"['not delivered', 'overcharged', 'price discrepancy', 'order fulfillment']","SECTION 1: THE CUSTOMER REALITY
  The customer submitted a Complaint about not receiving an ordered item and being overcharged for another item upon receiving the order

  SECTION 2: THE STRATEGIC RESPONSE
  We need to Fix → Order Accuracy → Delivery Fulfillment to address missing delivery and incorrect pricing that disrupt order accuracy",missing delivery and incorrect pricing that disrupt order accuracy,"This is a direct failure in order fulfillment and pricing accuracy, causing customer dissatisfaction and financial discrepancy. Immediate resolution is required to restore trust and correct billing errors.","Restore order fulfillment reliability, correct pricing errors, and prevent future billing discrepancies.",Anger,Frustrated,Delivery & Fulfillment,Order Accuracy,Item Fulfillment,Order Accuracy → Item Fulfillment,100,100,100
25,25.1,2025-05-04,10:07:38,The payment method is not appropriate and took me two days to get my card accepted in your payment system. When it got accepted still I received a call from your customer service that Metro has not received payment. Then after number of communications finally they received payment and made delivery.,Payment Experience → Payment Processing,Card Payment System,Order & Payment,"Customer experienced a two-day delay in card acceptance, followed by a customer service call indicating non-receipt of payment, requiring multiple communications to resolve.",Complaint,Agitation – Frustrated,Order & Payment,Payment Processing,during card payment acceptance and follow-up communication,Fix,6,Card Payment System – Complaint – Fix,"['payment method', 'card acceptance', 'customer service', 'payment delay', 'communication']","SECTION 1: THE CUSTOMER REALITY
  The customer submitted a Complaint about experiencing a two-day delay in card acceptance and subsequent communication issues during card payment acceptance and follow-up communication

  SECTION 2: THE STRATEGIC RESPONSE
  We need to Fix → Payment Experience → Payment Processing to address delayed card acceptance and payment confirmation that disrupts order fulfillment",delayed card acceptance and payment confirmation that disrupts order fulfillment,"This represents a critical failure in the payment processing flow, causing significant delay and customer frustration. Immediate resolution is required to restore trust and ensure seamless transactions.","Improve payment reliability, reduce transaction delays, and enhance customer satisfaction in the payment process.",Agitation,Frustrated,Order & Payment,Payment Experience,Payment Processing,Payment Experience → Payment Processing,100,100,100
26,26.1,2025-06-11,10:07:38,My last order was delivered after 4 days and was incomplete.,Delivery Experience → Timeliness,Order Delivery,Delivery & Fulfillment,Customer experienced a delayed delivery and received an incomplete order.,Complaint,Agitation – Frustrated,Delivery & Fulfillment,Delivery Completion,when the order was delivered after 4 days,Fix,6,Order Delivery – Complaint – Fix,"['delayed delivery', 'incomplete order', '4 days', 'frustration']","SECTION 1: THE CUSTOMER REALITY
  The customer submitted a Complaint that when the order was delivered after 4 days, it was incomplete

  SECTION 2: THE STRATEGIC RESPONSE
  We need to Fix → Delivery Experience → Timeliness to address delayed deliveries that result in incomplete orders",delayed deliveries that result in incomplete orders,"The delivery was significantly delayed and incomplete, causing customer dissatisfaction and requiring immediate resolution to restore service reliability.","Improve delivery timeliness, ensure order completeness, and enhance customer satisfaction.",Agitation,Frustrated,Delivery & Fulfillment,Delivery Experience,Timeliness,Delivery Experience → Timeliness,100,100,100
27,27.1,2025-05-08,10:07:38,Most of order delivered had shortage of items. Items shows online it's available and when order the courier person says it's not available. The app or web page should be updated not like customer actually realize at time when order received at door.,Product Availability → Real-Time Stock Visibility,Online Inventory System,Inventory Integrity,Customer experienced item shortages upon delivery despite online availability showing in stock.,Complaint,Agitation – Frustrated,Delivery & Fulfillment,Order Completion & Delivery,upon receiving the order at the door,Fix,6,Online Inventory System – Complaint – Fix,"['shortage', 'online availability', 'real-time update', 'delivery', 'frustration']","SECTION 1: THE CUSTOMER REALITY
  The customer submitted a Complaint about experiencing item shortages upon delivery despite online availability showing in stock when receiving the order at the door

  SECTION 2: THE STRATEGIC RESPONSE
  We need to Fix → Product Availability → Real-Time Stock Visibility to address inaccurate online stock visibility that leads to unexpected item shortages at delivery",inaccurate online stock visibility that leads to unexpected item shortages at delivery,"This is a direct failure of inventory integrity at a critical delivery moment, introducing friction, confusion, and emotional erosion. Fixing this restores purchase reliability and trust.","Reinstate confidence in real-time stock accuracy, reduce failed purchase attempts, and lower customer frustration at the point of delivery.",Agitation,Frustrated,Inventory Integrity,Product Availability,Real-Time Stock Visibility,Product Availability → Real-Time Stock Visibility,100,100,100
28,28.1,2025-07-10,10:07:38,Should add more product lines specially Pakistani Brands like Punjab Cash and Carry is doing. It was my first order but I was surprised on the service level you maintain. Order was delivered within 3 hours at my doorstep.,Product Variety → International Products,Pakistani Brands,Product & Selection,"Customer suggests adding more product lines, specifically Pakistani brands, to match competitors.",Suggestion,Appreciation – Interested,Product Exploration,Product Discovery,while considering product variety,Innovate,3,Pakistani Brands – Suggestion – Innovate,"['product lines', 'Pakistani brands', 'Punjab Cash and Carry', 'competitors']","SECTION 1: THE CUSTOMER REALITY
  The customer made a Suggestion that while considering product variety, they noted the need for more Pakistani brands to match competitors like Punjab Cash and Carry

  SECTION 2: THE STRATEGIC RESPONSE
  We need to Innovate → Product Variety → International Products to address the demand for more Pakistani brands that align with competitive offerings",demand for more Pakistani brands that align with competitive offerings,"The customer identifies a gap in product variety compared to competitors, suggesting an opportunity to expand international offerings.","Enhance product diversity, meet customer expectations for international brands, and strengthen competitive positioning.",Appreciation,Interested,Product & Selection,Product Variety,International Products,Product Variety → International Products,100,100,100
28,28.2,2025-07-10,10:07:38,Should add more product lines specially Pakistani Brands like Punjab Cash and Carry is doing. It was my first order but I was surprised on the service level you maintain. Order was delivered within 3 hours at my doorstep.,Delivery Experience → Timing,3-Hour Delivery,Delivery & Fulfillment,"Customer was surprised by the high service level, with the order delivered within 3 hours.",Compliment,Appreciation – Pleased,Delivery & Fulfillment,Delivery Completion,upon receiving the order,Amplify,2,3-Hour Delivery – Compliment – Amplify,"['first order', 'service level', '3-hour delivery', 'surprised']","SECTION 1: THE CUSTOMER REALITY
  The customer gave a Compliment that upon receiving the order, they were surprised by the high service level with delivery within 3 hours

  SECTION 2: THE STRATEGIC RESPONSE
  We need to Amplify → Delivery Experience → Timing to address the exceptional 3-hour delivery service that enhances customer satisfaction",exceptional 3-hour delivery service that enhances customer satisfaction,"The customer praises the delivery speed, indicating a strength that can be leveraged to enhance brand reputation and customer loyalty.","Reinforce fast delivery as a competitive advantage, increase customer satisfaction, and promote positive word-of-mouth.",Appreciation,Pleased,Delivery & Fulfillment,Delivery Experience,Timing,Delivery Experience → Timing,100,100,100
29,29.1,2025-06-17,10:07:38,"Complain: Putting a quantity limit on a grocery item like chicken is not professional at all, because of this I had to place 4 orders instead of 1 single order. Please fire the individual who makes these types of decisions.",Order & Payment → Order Quantity Limits,Chicken Quantity Restriction,Order Management,Customer was forced to place multiple orders due to a quantity limit on chicken.,Complaint,Anger – Frustrated,Order Placement,Order Configuration,when attempting to place a single order for chicken,Fix,6,Chicken Quantity Restriction – Complaint – Fix,"['quantity limit', 'multiple orders', 'chicken', 'frustration']","SECTION 1: THE CUSTOMER REALITY
  The customer submitted a Complaint about being forced to place multiple orders due to a quantity limit on chicken when attempting to place a single order

  SECTION 2: THE STRATEGIC RESPONSE
  We need to Fix → Order & Payment → Order Quantity Limits to address restrictive quantity limits that force customers to place multiple orders",restrictive quantity limits that force customers to place multiple orders,"The quantity limit on chicken creates unnecessary friction and complexity in the ordering process, leading to customer frustration and inefficiency. Addressing this will streamline order placement and improve customer satisfaction.","Simplify order process, reduce customer effort, and enhance overall shopping experience.",Anger,Frustrated,Order Management,Order & Payment,Order Quantity Limits,Order & Payment → Order Quantity Limits,100,100,100
30,30.1,2025-07-16,10:07:38,"I ordered a frozen item from Metro online. It was really fresh, delivered on time as mentioned in the received order. I really recommend Metro for online shopping, especially for groceries.",Delivery Experience → Timeliness,Scheduled Delivery,Delivery & Fulfillment,Customer received a fresh frozen item delivered on time as promised in the order confirmation.,Compliment,Adoration – Grateful,Delivery & Fulfillment,Delivery Completion,upon receiving the order,Amplify,1,Scheduled Delivery – Compliment – Amplify,"['fresh', 'on time', 'delivery', 'recommend', 'Metro']","SECTION 1: THE CUSTOMER REALITY
  The customer gave a Compliment about receiving a fresh frozen item delivered on time as promised in the order confirmation

  SECTION 2: THE STRATEGIC RESPONSE
  We need to Amplify → Delivery Experience → Timeliness to address timely deliveries that reinforce trust and satisfaction in online grocery shopping",timely deliveries that reinforce trust and satisfaction in online grocery shopping,"The delivery was executed flawlessly, creating a positive customer experience that strengthens brand loyalty and encourages repeat business.","Enhance customer trust, promote positive word-of-mouth, and solidify Metro's reputation for reliable delivery service.",Adoration,Grateful,Delivery & Fulfillment,Delivery Experience,Timeliness,Delivery Experience → Timeliness,100,100,100
31,31.1,2025-06-09,10:07:38,Kandhari Pomegranate delivered to me is of a very poor quality. Would request immediate replacement or refund of the amount paid.,Product Quality → Product Condition,Kandhari Pomegranate,Product & Selection,Customer received Kandhari Pomegranate of very poor quality and is requesting a replacement or refund.,Request,Agitation – Dissatisfied,Delivery & Fulfillment,Post-Delivery Evaluation,upon receiving the delivery,Fix,6,Kandhari Pomegranate – Request – Fix,"['poor quality', 'replacement', 'refund', 'Kandhari Pomegranate']","SECTION 1: THE CUSTOMER REALITY
  The customer made a Request for a replacement or refund upon receiving Kandhari Pomegranate of very poor quality

  SECTION 2: THE STRATEGIC RESPONSE
  We need to Fix → Product Quality → Product Condition to address poor quality product delivery that necessitates immediate replacement or refund",poor quality product delivery that necessitates immediate replacement or refund,The product quality failure directly impacts customer satisfaction and requires immediate resolution to maintain trust and service standards.,"Restore customer trust, ensure product quality standards, and prevent future dissatisfaction.",Agitation,Dissatisfied,Product & Selection,Product Quality,Product Condition,Product Quality → Product Condition,100,100,100
32,32.1,2025-05-06,10:07:38,"Quality of your online service is deteriorating with every single order. There is difference in products displayed on your online portal and what is delivered. Like quantity in a packet، quality indicated. Also quantity ordered, in certain cases we experience restriction on quantity which is understandable. But when there is no bar on quantity on your portal, that quantity need to be delivered. This is grave issue and construe to deception. Despite several verbal complaints to your delivery personal at the time of receiving order. This seriously indicated your lax attitude towards customer satisfaction and your own integrity. As customers we rely on the information on your portal to order and rightly deserve to timely receive exactly what ordered i.e. quality, quantity and price.",Product Information → Product Details,Online Product Listings,Digital Shopping Experience,"Customer reports discrepancies between online product listings and delivered items, including quantity and quality.",Complaint,Anger – Resentful,Digital Engagement,Product Selection & Ordering,when reviewing product details and placing an order,Fix,7,Online Product Listings – Complaint – Fix,"['discrepancies', 'online portal', 'quantity', 'quality', 'deception']","SECTION 1: THE CUSTOMER REALITY
  The customer submitted a Complaint about discrepancies between online product listings and delivered items, including quantity and quality, when reviewing product details and placing an order

  SECTION 2: THE STRATEGIC RESPONSE
  We need to Fix → Product Information → Product Details to address misleading product details that result in incorrect deliveries",misleading product details that result in incorrect deliveries,"This is a direct failure of digital product representation, leading to customer dissatisfaction and trust erosion. Immediate correction is needed to restore accuracy and reliability.","Reinstate trust in online product accuracy, reduce delivery discrepancies, and enhance customer satisfaction with digital orders.",Anger,Resentful,Digital Shopping Experience,Product Information,Product Details,Product Information → Product Details,100,100,100
33,33.1,2025-05-05,10:07:38,there should be chance to include Metro membership card number to online profile to gather or collect poits then to redeam poits lster on,Loyalty Programs → Membership Integration,Metro Membership Card,Loyalty & Engagement,Customer suggests integrating Metro membership card with online profile for point collection and redemption.,Suggestion,Appreciation – Interested,Digital Engagement,Profile Management,while managing online profile,Innovate,3,Metro Membership Card – Suggestion – Innovate,"['membership card', 'online profile', 'collect points', 'redeem points']","SECTION 1: THE CUSTOMER REALITY
  The customer made a Suggestion that while managing their online profile, they wanted the ability to include their Metro membership card number for point collection and redemption.

  SECTION 2: THE STRATEGIC RESPONSE
  We need to Innovate → Loyalty Programs → Membership Integration to address the need for integrating Metro membership card numbers into online profiles for seamless point collection and redemption.",integration of membership card numbers into online profiles for point management,"This suggestion reflects a desire for enhanced digital integration and loyalty program functionality, indicating an opportunity to innovate and improve customer engagement.","Enhance digital loyalty program engagement, streamline point management, and increase customer satisfaction through improved integration.",Appreciation,Interested,Loyalty & Engagement,Loyalty Programs,Membership Integration,Loyalty Programs → Membership Integration,100,100,100
34,34.1,2025-07-04,10:07:38,Deliver time is ok. The riders are polite. What I face when ordering is most of your items are sold out. It wud be appreciated if the stock is filled out as soon as it is finished. At times I have to cancel my order for this reason only.,Product Availability → Out-of-Stock Management,General Inventory,Inventory Management,"Customer frequently encounters out-of-stock items, leading to order cancellations.",Complaint,Agitation – Frustrated,Order Placement,Product Selection,when attempting to add items to cart,Fix,6,General Inventory – Complaint – Fix,"['sold out', 'out-of-stock', 'inventory', 'order cancellation', 'restocking']","SECTION 1: THE CUSTOMER REALITY
  The customer submitted a Complaint about frequently encountering out-of-stock items when attempting to add items to their cart, leading to order cancellations

  SECTION 2: THE STRATEGIC RESPONSE
  We need to Fix → Product Availability → Out-of-Stock Management to address frequent out-of-stock situations that force customers to cancel orders",frequent out-of-stock situations that force customers to cancel orders,This is a critical inventory management failure that directly impacts order completion and customer satisfaction. Immediate resolution is required to prevent order cancellations and maintain customer trust.,"Improve inventory accuracy, reduce order cancellations, and enhance customer satisfaction by ensuring product availability.",Agitation,Frustrated,Inventory Management,Product Availability,Out-of-Stock Management,Product Availability → Out-of-Stock Management,100,100,100
35,35.1,2025-06-04,10:07:38,"riders normally don't have change available, they take extra cash by saying they will adjust it in next order but that never happens since there's a new rider next time, and out of stock item is an issue too",Payment Experience → Cash Handling,Rider Cash Transactions,Payment Integrity,"Riders often lack change, leading to extra cash being taken with promises of adjustment in future orders, which doesn't occur due to different riders.",Complaint,Agitation – Frustrated,Delivery & Fulfillment,Payment Collection,during cash payment at delivery,Fix,6,Rider Cash Transactions – Complaint – Fix,"['no change', 'extra cash', 'adjustment', 'new rider', 'payment issue']","SECTION 1: THE CUSTOMER REALITY
  The customer submitted a Complaint about riders not having change and taking extra cash with promises of future adjustment during cash payment at delivery

  SECTION 2: THE STRATEGIC RESPONSE
  We need to Fix → Payment Experience → Cash Handling to address lack of change during cash payments that results in unreturned extra cash",lack of change during cash payments that results in unreturned extra cash,This is a recurring payment integrity issue that erodes trust and requires immediate resolution to ensure fair transactions.,"Restore payment fairness, enhance rider accountability, and protect customer trust.",Agitation,Frustrated,Payment Integrity,Payment Experience,Cash Handling,Payment Experience → Cash Handling,100,100,100
35,35.2,2025-06-04,10:07:38,"riders normally don't have change available, they take extra cash by saying they will adjust it in next order but that never happens since there's a new rider next time, and out of stock item is an issue too",Product Availability → Out-of-Stock Management,Inventory System,Stock Reliability,Out-of-stock items are a recurring issue affecting order fulfillment.,Complaint,Agitation – Annoyed,Order Fulfillment,Inventory Check,during order fulfillment,Fix,5,Inventory System – Complaint – Fix,"['out of stock', 'inventory', 'order issue']","SECTION 1: THE CUSTOMER REALITY
  The customer submitted a Complaint about recurring out-of-stock items affecting order fulfillment

  SECTION 2: THE STRATEGIC RESPONSE
  We need to Fix → Product Availability → Out-of-Stock Management to address recurring out-of-stock issues that disrupt order fulfillment",recurring out-of-stock issues that disrupt order fulfillment,This is a persistent inventory management failure that impacts customer satisfaction and requires immediate correction to ensure reliable order fulfillment.,"Improve stock accuracy, enhance fulfillment reliability, and reduce customer frustration.",Agitation,Annoyed,Stock Reliability,Product Availability,Out-of-Stock Management,Product Availability → Out-of-Stock Management,100,100,100
36,36.1,2025-05-09,10:07:38,This is the 3rd time in last 15 months I did not get my Order and the team marked Delivered.,Delivery Experience → Order Completion,Order Delivery Confirmation,Delivery Integrity,"Customer did not receive their order, yet it was marked as delivered by the team.",Complaint,Anger – Frustrated,Delivery & Fulfillment,Delivery Completion,when the order was marked as delivered but not received,Fix,7,Order Delivery Confirmation – Complaint – Fix,"['order not received', 'marked delivered', 'delivery failure', 'repeated issue']","SECTION 1: THE CUSTOMER REALITY
  The customer submitted a Complaint about not receiving their order despite it being marked as delivered by the team

  SECTION 2: THE STRATEGIC RESPONSE
  We need to Fix → Delivery Experience → Order Completion to address orders marked as delivered without actual receipt, causing repeated customer frustration","orders marked as delivered without actual receipt, causing repeated customer frustration","This is a critical failure in delivery integrity, leading to repeated customer dissatisfaction and trust erosion. Immediate resolution is required to restore delivery reliability.","Reinstate trust in delivery accuracy, prevent future delivery miscommunications, and reduce customer churn risk.",Anger,Frustrated,Delivery Integrity,Delivery Experience,Order Completion,Delivery Experience → Order Completion,100,100,100
37,37.1,2025-05-25,10:07:38,For vegetables: please confirm before dispatch if it’s not in stock of any item.,Product Availability → Out-of-Stock Management,Vegetables,Inventory Management,Customer requests confirmation before dispatch if any vegetable item is out of stock.,Request,Appreciation – Interested,Order Fulfillment,Pre-Dispatch Confirmation,before dispatch,Innovate,4,Vegetables – Request – Innovate,"['confirm', 'before dispatch', 'out of stock', 'vegetables']","SECTION 1: THE CUSTOMER REALITY
  The customer made a Request that before dispatch, they want confirmation if any vegetable item is out of stock

  SECTION 2: THE STRATEGIC RESPONSE
  We need to Innovate → Product Availability → Out-of-Stock Management to address the need for pre-dispatch confirmation of out-of-stock vegetable items",pre-dispatch confirmation of out-of-stock vegetable items,"The request highlights a gap in the current process where customers are not informed about out-of-stock items before dispatch, indicating a need for innovation in communication and inventory management.",Improve customer satisfaction by ensuring transparency and reducing disappointment from unavailable items.,Appreciation,Interested,Inventory Management,Product Availability,Out-of-Stock Management,Product Availability → Out-of-Stock Management,100,100,100
38,38.1,2025-05-05,10:07:38,I have order 4-5 times in the last 40 days and every time when I get delivery and find out that order is incomplete because items were out of stock and my question is if it’s out of stock why I am able to add them on website you should make them out of stock on the website as well it’s very frustrating,Product Availability → Real-Time Stock Visibility,Website Stock Status,Inventory Integrity,Customer repeatedly experiences incomplete orders due to items being out of stock despite being able to add them to the cart on the website.,Complaint,Agitation – Frustrated,Purchase & Checkout,Cart to Checkout Transition,during the Cart-to-Checkout transition,Fix,6,Website Stock Status – Complaint – Fix,"['out of stock', 'website', 'add to cart', 'incomplete order', 'frustration']","SECTION 1: THE CUSTOMER REALITY
  The customer submitted a Complaint about being able to add out-of-stock items to their cart during the Cart-to-Checkout transition, leading to incomplete orders

  SECTION 2: THE STRATEGIC RESPONSE
  We need to Fix → Product Availability → Real-Time Stock Visibility to address misleading add-to-cart flows that show unavailable items as purchasable",misleading add-to-cart flows that show unavailable items as purchasable,"This is a direct failure of inventory integrity at a critical purchase moment, introducing friction, confusion, and emotional erosion. Fixing this restores purchase reliability and trust.","Reinstate confidence in real-time stock accuracy, reduce failed purchase attempts, and lower cart abandonment at the conversion point.",Agitation,Frustrated,Inventory Integrity,Product Availability,Real-Time Stock Visibility,Product Availability → Real-Time Stock Visibility,100,100,100
39,39.1,2025-06-20,10:07:38,Delivery tracker should be there like Carrefour miss items must describe before delivery,Delivery & Fulfillment → Tracking,Delivery Tracker,Delivery Experience,Customer suggests implementing a delivery tracker and wants missing items to be described before delivery.,Suggestion,Appreciation – Interested,Delivery & Fulfillment,Pre-Delivery Communication,before delivery,Innovate,4,Delivery Tracker – Suggestion – Innovate,"['delivery tracker', 'missing items', 'pre-delivery notification', 'Carrefour']","SECTION 1: THE CUSTOMER REALITY
  The customer made a Suggestion that before delivery, they want a delivery tracker and notification of missing items, similar to Carrefour

  SECTION 2: THE STRATEGIC RESPONSE
  We need to Innovate → Delivery & Fulfillment → Tracking to address the need for a delivery tracker and pre-delivery missing item notifications",lack of a delivery tracker and pre-delivery missing item notifications that enhance delivery transparency,The customer is requesting a new feature that enhances delivery transparency and aligns with competitive offerings.,"Improve delivery transparency, reduce customer uncertainty, and align with competitive standards.",Appreciation,Interested,Delivery Experience,Delivery & Fulfillment,Tracking,Delivery & Fulfillment → Tracking,100,100,100
40,40.1,2025-05-12,10:07:38,Quality is getting poor day by day as now it's 2nd time from my last 3 orders (including meat) I received smelly meat.,Product Quality → Product Safety,Meat,Product Quality,"Customer received smelly meat in 2 out of their last 3 orders, indicating a decline in product quality.",Complaint,Anger – Disappointed,Delivery & Fulfillment,Order Receipt,upon receiving the order,Fix,6,Meat – Complaint – Fix,"['smelly meat', 'poor quality', 'product safety', 'repeated issue']","SECTION 1: THE CUSTOMER REALITY
  The customer submitted a Complaint that upon receiving their order, they found smelly meat in 2 out of their last 3 orders, indicating a decline in product quality

  SECTION 2: THE STRATEGIC RESPONSE
  We need to Fix → Product & Selection → Quality (Product Condition) → Product Safety to address repeated instances of smelly meat that compromise product safety and customer trust",repeated instances of smelly meat that compromise product safety and customer trust,"This is a direct violation of product safety standards, leading to customer dissatisfaction and potential health risks. Immediate action is required to restore quality assurance.","Restore product quality, ensure food safety, and rebuild customer trust.",Anger,Disappointed,Product Quality,Product Quality,Product Safety,Product Quality → Product Safety,100,100,100
41,41.1,2025-05-10,10:07:38,They could have called me for selecting alternate of missing items. Nobody ever contacts in case of missing items or any other issue with the order.,Order Accuracy → Customer Communication,Alternate Item Selection,Order Fulfillment,Customer was not contacted to select alternatives for missing items in their order.,Complaint,Agitation – Frustrated,Order Fulfillment,Order Issue Resolution,when missing items were identified,Fix,6,Alternate Item Selection – Complaint – Fix,"['missing items', 'no contact', 'alternate selection', 'order issue']","SECTION 1: THE CUSTOMER REALITY
  The customer submitted a Complaint about not being contacted to select alternatives for missing items when they were identified

  SECTION 2: THE STRATEGIC RESPONSE
  We need to Fix → Order Accuracy → Customer Communication to address lack of proactive communication for selecting alternatives when items are missing",lack of proactive communication for selecting alternatives when items are missing,"This is a failure in communication protocol during order fulfillment, leading to customer frustration and unmet expectations. Fixing this will enhance customer satisfaction and trust.","Improve customer communication, reduce order fulfillment issues, and enhance overall customer experience.",Agitation,Frustrated,Order Fulfillment,Order Accuracy,Customer Communication,Order Accuracy → Customer Communication,100,100,100
42,42.1,2025-05-05,10:07:38,"After I order online, every time there's a call from metro telling that either products aren't available or the order has been shifted to next day.",Order Fulfillment → Availability & Scheduling,Online Order Notification,Order Management,Customer receives calls post-order indicating product unavailability or delivery rescheduling.,Complaint,Agitation – Frustrated,Order Fulfillment,Post-Order Confirmation,after online order placement,Fix,6,Online Order Notification – Complaint – Fix,"['order', 'unavailable', 'shifted', 'next day', 'call']","SECTION 1: THE CUSTOMER REALITY
  The customer submitted a Complaint about receiving calls post-order indicating product unavailability or delivery rescheduling after online order placement

  SECTION 2: THE STRATEGIC RESPONSE
  We need to Fix → Order Fulfillment → Availability & Scheduling to address unexpected post-order notifications that disrupt delivery expectations",unexpected post-order notifications that disrupt delivery expectations,"This represents a breakdown in order fulfillment communication, causing customer frustration and uncertainty. Immediate resolution is needed to restore trust and reliability in the ordering process.","Improve order fulfillment reliability, reduce customer anxiety, and enhance post-order communication.",Agitation,Frustrated,Order Management,Order Fulfillment,Availability & Scheduling,Order Fulfillment → Availability & Scheduling,100,100,100
43,43.1,2025-07-03,10:07:38,I placed my order and received a call from metro the same night to inform that there came some priority customer and the stock is finished. So I'd not get my order. There was option to hold my order till the next stock comes.,Order Fulfillment → Stock Allocation,Metro Stock Management,Inventory Management,"Customer's order was canceled due to stock being allocated to a priority customer, with no option to hold the order for restocking.",Complaint,Agitation – Frustrated,Order Fulfillment,Post-Order Confirmation,when informed of order cancellation due to stock reallocation,Fix,6,Metro Stock Management – Complaint – Fix,"['order cancellation', 'priority customer', 'stock allocation', 'no hold option']","SECTION 1: THE CUSTOMER REALITY
  The customer submitted a Complaint about their order being canceled due to stock being reallocated to a priority customer, with no option to hold the order for restocking

  SECTION 2: THE STRATEGIC RESPONSE
  We need to Fix → Order Fulfillment → Stock Allocation to address stock reallocation practices that cancel confirmed orders without offering a hold option",stock reallocation practices that cancel confirmed orders without offering a hold option,"This represents a breakdown in order fulfillment integrity, where confirmed orders are canceled without customer recourse, leading to frustration and potential churn.","Restore trust in order fulfillment processes, reduce customer frustration, and improve stock management practices to prevent future cancellations.",Agitation,Frustrated,Inventory Management,Order Fulfillment,Stock Allocation,Order Fulfillment → Stock Allocation,100,100,100
44,44.1,2025-06-03,10:07:38,If some item is out of stock then please mention on your application.,Product Availability → Real-Time Stock Visibility,Out-of-Stock Notification,Inventory Integrity,Customer requests that out-of-stock items be clearly marked on the application.,Request,Agitation – Frustrated,Digital Engagement,Product Browsing,while browsing the application,Fix,5,Out-of-Stock Notification – Request – Fix,"['out of stock', 'notification', 'application', 'visibility']","SECTION 1: THE CUSTOMER REALITY
  The customer made a Request for out-of-stock items to be clearly marked on the application while browsing

  SECTION 2: THE STRATEGIC RESPONSE
  We need to Fix → Product Availability → Real-Time Stock Visibility to address lack of clear out-of-stock notifications that mislead customers during browsing",lack of clear out-of-stock notifications that mislead customers during browsing,"The absence of real-time stock visibility creates confusion and potential frustration, necessitating a fix to enhance customer experience and trust.","Improve transparency in product availability, reduce customer frustration, and enhance trust in the digital shopping experience.",Agitation,Frustrated,Inventory Integrity,Product Availability,Real-Time Stock Visibility,Product Availability → Real-Time Stock Visibility,100,100,100
45,45.1,2025-05-02,10:07:38,I ordered 500 ml pet for sprite. You delivered string and also oats was missing in my order kindly check. I am currrently outside from pakistan. I ordered for mt family and my mother can not come to chaange the string pet bottles kindly cross check and deliver the right product and pucked the wrong one from my home..thank you,Order Accuracy → Wrong Item Delivered,Sprite 500 ml PET Bottle,Delivery & Fulfillment,"Customer received the wrong item (string) instead of the ordered Sprite 500 ml PET bottle, and oats were missing from the order.",Complaint,Agitation – Frustrated,Delivery & Fulfillment,Order Delivery,upon receiving the delivery,Fix,6,Sprite 500 ml PET Bottle – Complaint – Fix,"['wrong item', 'missing oats', 'order accuracy', 'delivery error']","SECTION 1: THE CUSTOMER REALITY
  The customer submitted a Complaint about receiving the wrong item (string) instead of the ordered Sprite 500 ml PET bottle, and oats were missing from the order upon receiving the delivery

  SECTION 2: THE STRATEGIC RESPONSE
  We need to Fix → Order Accuracy → Wrong Item Delivered to address incorrect item delivery and missing products that disrupt order fulfillment",incorrect item delivery and missing products that disrupt order fulfillment,"This is a direct failure in order accuracy, leading to customer dissatisfaction and logistical inconvenience. Immediate correction is required to restore trust and service reliability.","Ensure correct product delivery, reduce order errors, and maintain customer trust in delivery accuracy.",Agitation,Frustrated,Delivery & Fulfillment,Order Accuracy,Wrong Item Delivered,Order Accuracy → Wrong Item Delivered,100,100,100
46,46.1,2025-06-14,10:07:38,I have a suggestion for you only those items are shown online which stock are sufficient available.,Product Availability → Real-Time Stock Visibility,Online Product Display,Inventory Integrity,Customer suggests displaying only items with sufficient stock online.,Suggestion,Appreciation – Interested,Digital Engagement,Product Browsing,during online product browsing,Innovate,3,Online Product Display – Suggestion – Innovate,"['stock availability', 'online display', 'sufficient stock', 'inventory management']","SECTION 1: THE CUSTOMER REALITY
  The customer made a Suggestion that during online product browsing, only items with sufficient stock should be displayed

  SECTION 2: THE STRATEGIC RESPONSE
  We need to Innovate → Product Availability → Real-Time Stock Visibility to address the need for displaying only items with sufficient stock online",displaying only items with sufficient stock online to improve customer experience,This suggestion reflects a need for improved inventory transparency to enhance the online shopping experience and prevent customer frustration.,"Enhance customer satisfaction by ensuring product availability, reduce cart abandonment due to stock issues, and improve inventory management.",Appreciation,Interested,Inventory Integrity,Product Availability,Real-Time Stock Visibility,Product Availability → Real-Time Stock Visibility,100,100,100
47,47.1,2025-05-09,10:07:38,Most of the time app is showing item available but actually not available.,Product Availability → Real-Time Stock Visibility,Mobile App Stock Display,Inventory Integrity,The app frequently displays items as available when they are not.,Complaint,Agitation – Frustrated,Digital Engagement,Product Browsing,while checking item availability on the app,Fix,6,Mobile App Stock Display – Complaint – Fix,"['item available', 'not available', 'app', 'stock visibility', 'misleading']","SECTION 1: THE CUSTOMER REALITY
  The customer submitted a Complaint that while checking item availability on the app, it frequently shows items as available when they are not.

  SECTION 2: THE STRATEGIC RESPONSE
  We need to Fix → Product Availability → Real-Time Stock Visibility to address misleading stock displays that show unavailable items as purchasable.",misleading stock displays that show unavailable items as purchasable,"This is a direct failure of inventory integrity, causing customer frustration and potential purchase abandonment. Fixing this restores trust in the app's stock accuracy.","Reinstate confidence in real-time stock accuracy, reduce failed purchase attempts, and lower cart abandonment at the conversion point.",Agitation,Frustrated,Inventory Integrity,Product Availability,Real-Time Stock Visibility,Product Availability → Real-Time Stock Visibility,100,100,100
48,48.1,2025-05-10,10:07:38,I have already shared my complaint that the delivered wrong items. Two items were incorrect and I need my refund. Order Number: ID:960380126490301 I had ordered Mortein All insect killer but they sent two in one. And I ordered Indomie vegetable but they sent lemon tarka. I'm attaching the cart that I ordered and what they have delivered.,Order Accuracy → Error Resolution,"Mortein All Insect Killer, Indomie Vegetable",Order Fulfillment,Customer received incorrect items instead of what was ordered and is seeking a refund.,Complaint,Agitation – Frustrated,Delivery & Fulfillment,Order Receipt & Inspection,upon receiving the delivery,Fix,6,"Mortein All Insect Killer, Indomie Vegetable – Complaint – Fix","['wrong items', 'refund', 'order accuracy', 'Mortein', 'Indomie']","SECTION 1: THE CUSTOMER REALITY
  The customer submitted a Complaint about receiving incorrect items instead of what was ordered upon receiving the delivery

  SECTION 2: THE STRATEGIC RESPONSE
  We need to Fix → Order Accuracy → Error Resolution to address incorrect item delivery that necessitates refund processing",incorrect item delivery that necessitates refund processing,"The customer received incorrect items, which is a direct failure in order accuracy, requiring immediate resolution to process a refund and restore trust.","Restore order accuracy, ensure customer satisfaction through refund processing, and prevent future fulfillment errors.",Agitation,Frustrated,Order Fulfillment,Order Accuracy,Error Resolution,Order Accuracy → Error Resolution,100,100,100
49,49.1,2025-05-07,10:07:38,I order on line 4 plus kg raue and mushka on friday 13 the january 2024 and received the same at about 8.30 pm. We barbeque half the same on saturday evening and my family fell sick like food poisining. Sunday mornoing i called on line delievry department and Mr. Akhtar act very very professionally and solve my problem at the spot. Your all other empolyes in metro store are not friendly or professional. I suggest that Mr. Akhtar should teach all of your lower empolyes how to deal with clients professionally. I appresiate Mr. Akhtar very much. THanks Metro. Nisar Ahmed. A client since Metro store Opening in capitol.,Food Safety → Product Quality,Raue and Mushka,Product & Selection,Customer's family experienced food poisoning after consuming the delivered product.,Complaint,Anger – Concerned,Delivery & Fulfillment,Post-Delivery Consumption,after consuming the delivered product,Fix,7,Raue and Mushka – Complaint – Fix,"['food poisoning', 'product quality', 'health risk', 'safety concern']","SECTION 1: THE CUSTOMER REALITY
  The customer submitted a Complaint about their family experiencing food poisoning after consuming the delivered product

  SECTION 2: THE STRATEGIC RESPONSE
  We need to Fix → Food Safety → Product Quality to address food safety violations that lead to health risks and customer illness",food safety violations that lead to health risks and customer illness,This is a critical food safety issue that directly impacts customer health and requires immediate resolution to prevent further incidents and restore trust.,"Ensure product safety, protect customer health, and maintain brand trust.",Anger,Concerned,Product & Selection,Food Safety,Product Quality,Food Safety → Product Quality,100,100,100
49,49.2,2025-05-07,10:07:38,I order on line 4 plus kg raue and mushka on friday 13 the january 2024 and received the same at about 8.30 pm. We barbeque half the same on saturday evening and my family fell sick like food poisining. Sunday mornoing i called on line delievry department and Mr. Akhtar act very very professionally and solve my problem at the spot. Your all other empolyes in metro store are not friendly or professional. I suggest that Mr. Akhtar should teach all of your lower empolyes how to deal with clients professionally. I appresiate Mr. Akhtar very much. THanks Metro. Nisar Ahmed. A client since Metro store Opening in capitol.,Customer Service → Staff Training,Mr. Akhtar,Customer Support,Mr. Akhtar acted professionally and resolved the customer's issue promptly.,Compliment,Appreciation – Grateful,Customer Support,Issue Resolution,during the call with the online delivery department,Amplify,2,Mr. Akhtar – Compliment – Amplify,"['professional', 'problem-solving', 'customer service', 'Mr. Akhtar']","SECTION 1: THE CUSTOMER REALITY
  The customer gave a Compliment about Mr. Akhtar acting professionally and resolving their issue promptly during the call with the online delivery department

  SECTION 2: THE STRATEGIC RESPONSE
  We need to Amplify → Customer Service → Staff Training to address exemplary customer service that resolves issues efficiently and builds trust",exemplary customer service that resolves issues efficiently and builds trust,"Mr. Akhtar's professional conduct and problem-solving skills are a model for customer service excellence, warranting recognition and replication across the team.","Enhance customer service standards, promote staff training, and improve overall customer satisfaction.",Appreciation,Grateful,Customer Support,Customer Service,Staff Training,Customer Service → Staff Training,100,100,100
49,49.3,2025-05-07,10:07:38,I order on line 4 plus kg raue and mushka on friday 13 the january 2024 and received the same at about 8.30 pm. We barbeque half the same on saturday evening and my family fell sick like food poisining. Sunday mornoing i called on line delievry department and Mr. Akhtar act very very professionally and solve my problem at the spot. Your all other empolyes in metro store are not friendly or professional. I suggest that Mr. Akhtar should teach all of your lower empolyes how to deal with clients professionally. I appresiate Mr. Akhtar very much. THanks Metro. Nisar Ahmed. A client since Metro store Opening in capitol.,Customer Service → Staff Interaction,Metro Store Employees,Customer Support,Other employees at the Metro store are not friendly or professional.,Complaint,Agitation – Disappointed,In-Store Experience,Service Interaction,during interactions with other store employees,Optimize,5,Metro Store Employees – Complaint – Optimize,"['unfriendly', 'unprofessional', 'staff interaction', 'customer service']","SECTION 1: THE CUSTOMER REALITY
  The customer submitted a Complaint about other employees at the Metro store being unfriendly and unprofessional during interactions

  SECTION 2: THE STRATEGIC RESPONSE
  We need to Optimize → Customer Service → Staff Interaction to address unfriendly and unprofessional staff interactions that degrade customer experience",unfriendly and unprofessional staff interactions that degrade customer experience,"While the core service is functional, the quality of staff interaction introduces friction and dissatisfaction, necessitating optimization to enhance customer experience.","Improve staff professionalism, enhance customer interactions, and elevate overall service quality.",Agitation,Disappointed,Customer Support,Customer Service,Staff Interaction,Customer Service → Staff Interaction,100,100,100
50,50.1,2025-07-15,10:07:38,Try to improve the delivery time. Last order was placed on Saturday but it delivered on Monday. Same day delivery will be beneficial.,Delivery Experience → Delivery Speed,Same-Day Delivery Option,Timeliness & Efficiency,"Customer's order placed on Saturday was delivered on Monday, suggesting a need for faster delivery options.",Suggestion,Appreciation – Interested,Delivery & Fulfillment,Order Fulfillment,when expecting faster delivery after placing an order,Innovate,4,Same-Day Delivery Option – Suggestion – Innovate,"['delivery time', 'same-day delivery', 'order delay', 'efficiency']","SECTION 1: THE CUSTOMER REALITY
  The customer made a Suggestion about the need for faster delivery options when their order placed on Saturday was delivered on Monday

  SECTION 2: THE STRATEGIC RESPONSE
  We need to Innovate → Delivery Experience → Delivery Speed to address lack of same-day delivery options that could enhance customer satisfaction and convenience",lack of same-day delivery options that could enhance customer satisfaction and convenience,"The customer expresses a desire for a new delivery capability that does not currently exist, indicating an opportunity to innovate and improve service speed.","Increase delivery speed, enhance customer satisfaction, and improve competitive positioning through faster fulfillment options.",Appreciation,Interested,Timeliness & Efficiency,Delivery Experience,Delivery Speed,Delivery Experience → Delivery Speed,100,100,100
51,51.1,2025-05-10,10:07:38,"I ordered 3kg sugar among my other items. I was charged the full price of 3kg but received 2.15 kg in actual, instead of 3kg. I informed the rider immediately but still no response from metro. I am a regular online buyer and this is very disappointing for me.",Order Accuracy → Weight Discrepancy,3kg Sugar Order,Order Fulfillment,"Customer was charged for 3kg of sugar but received only 2.15kg, and received no response after informing the rider.",Complaint,Agitation – Disappointed,Delivery & Fulfillment,Order Receipt & Verification,upon receiving the order and noticing the weight discrepancy,Fix,6,3kg Sugar Order – Complaint – Fix,"['weight discrepancy', 'charged full price', 'no response', 'disappointment']","SECTION 1: THE CUSTOMER REALITY
  The customer submitted a Complaint about being charged for 3kg of sugar but receiving only 2.15kg, with no response after informing the rider upon receiving the order

  SECTION 2: THE STRATEGIC RESPONSE
  We need to Fix → Order Accuracy → Weight Discrepancy to address incorrect weight fulfillment that leads to overcharging and customer dissatisfaction",incorrect weight fulfillment that leads to overcharging and customer dissatisfaction,"This is a direct failure in order fulfillment accuracy, leading to financial discrepancy and customer dissatisfaction. Immediate resolution is required to restore trust and correct billing.","Ensure accurate order fulfillment, prevent overcharging, and maintain customer trust in delivery accuracy.",Agitation,Disappointed,Order Fulfillment,Order Accuracy,Weight Discrepancy,Order Accuracy → Weight Discrepancy,100,100,100
52,52.1,2025-05-17,10:07:38,I'm satisfied alhumdulillah by your customer n delivery services.. I receive quality products whenever I order through metro.. Keep it up,Delivery Experience → Product Quality,Metro Delivery Service,Service Excellence,Customer consistently receives quality products through Metro's delivery service.,Compliment,Appreciation – Satisfied,Delivery & Fulfillment,Order Completion,upon receiving delivery,Amplify,2,Metro Delivery Service – Compliment – Amplify,"['satisfied', 'quality products', 'delivery service', 'Metro', 'keep it up']","SECTION 1: THE CUSTOMER REALITY
  The customer gave a Compliment that upon receiving delivery, they consistently receive quality products through Metro's delivery service

  SECTION 2: THE STRATEGIC RESPONSE
  We need to Amplify → Delivery Experience → Product Quality to address consistent delivery of quality products that reinforces customer satisfaction",consistent delivery of quality products that reinforces customer satisfaction,"The feedback highlights a strength in delivery and product quality that enhances customer satisfaction and loyalty, warranting amplification.","Reinforce positive customer perception, encourage repeat purchases, and strengthen brand reputation.",Appreciation,Satisfied,Service Excellence,Delivery Experience,Product Quality,Delivery Experience → Product Quality,100,100,100
53,53.1,2025-06-09,10:07:38,Only issue I faced in past was products were short of expiry .. for regular customer short export products are useless .. it must be mentioned with the articles if they are short of expiry,Product Information → Expiration Dates,Short Expiry Products,Product Transparency,"Customer received products that were close to their expiration date, which were not useful for regular customers.",Complaint,Agitation – Frustrated,Product Selection,Product Information Review,when reviewing product details before purchase,Fix,6,Short Expiry Products – Complaint – Fix,"['short expiry', 'expiration date', 'product transparency', 'useless for regular customers']","SECTION 1: THE CUSTOMER REALITY
  The customer submitted a Complaint about receiving products close to expiration, which were not useful for regular customers, when reviewing product details before purchase

  SECTION 2: THE STRATEGIC RESPONSE
  We need to Fix → Product Information → Expiration Dates to address lack of clear expiration date information that leads to purchasing short expiry products",lack of clear expiration date information that leads to purchasing short expiry products,This is a transparency failure in product information that directly impacts customer satisfaction and usability. Fixing this ensures customers can make informed purchasing decisions.,"Improve product transparency, enhance customer trust, and reduce dissatisfaction with product usability.",Agitation,Frustrated,Product Transparency,Product Information,Expiration Dates,Product Information → Expiration Dates,100,100,100
54,54.1,2025-06-20,10:07:38,"Whenever an item is out of stock, the system shows it available in metro online app, books the order and during its execution, it silently cancels the order without any intimation to the Person booking this order.",Order Management → Stock Availability Communication,Metro Online App,Inventory Integrity,"The system displays out-of-stock items as available, books the order, and cancels it without notifying the customer.",Complaint,Agitation – Frustrated,Order Fulfillment,Order Execution,during order execution when the item is silently canceled,Fix,6,Metro Online App – Complaint – Fix,"['out of stock', 'order cancellation', 'no notification', 'inventory error']","SECTION 1: THE CUSTOMER REALITY
  The customer submitted a Complaint that during order execution, the system silently canceled the order without notifying them, despite showing the item as available in the Metro Online App.

  SECTION 2: THE STRATEGIC RESPONSE
  We need to Fix → Order Management → Stock Availability Communication to address misleading stock availability that results in silent order cancellations without customer notification.",misleading stock availability that results in silent order cancellations without customer notification,"This is a critical failure in inventory communication and order management, leading to customer frustration and trust erosion. Immediate resolution is required to restore reliability and transparency.","Restore trust in inventory accuracy, prevent unexpected order cancellations, and improve customer communication.",Agitation,Frustrated,Inventory Integrity,Order Management,Stock Availability Communication,Order Management → Stock Availability Communication,100,100,100
55,55.1,2025-06-19,10:07:38,If you don't have the product in stock please don't take the order.,Product Availability → Order Acceptance,Out-of-Stock Order Processing,Inventory Management,Customer is frustrated by the acceptance of orders for products that are not in stock.,Complaint,Agitation – Frustrated,Order Placement,Order Confirmation,during order confirmation for an out-of-stock item,Fix,6,Out-of-Stock Order Processing – Complaint – Fix,"['out of stock', 'order acceptance', 'inventory', 'frustration']","SECTION 1: THE CUSTOMER REALITY
  The customer submitted a Complaint about orders being accepted for products that are not in stock during order confirmation

  SECTION 2: THE STRATEGIC RESPONSE
  We need to Fix → Product Availability → Order Acceptance to address accepting orders for out-of-stock items that lead to customer frustration",accepting orders for out-of-stock items that lead to customer frustration,"This is a direct failure in inventory management, causing unnecessary customer frustration and undermining trust. Immediate resolution is required to prevent future order issues.","Improve inventory accuracy, prevent order acceptance errors, and enhance customer trust in order reliability.",Agitation,Frustrated,Inventory Management,Product Availability,Order Acceptance,Product Availability → Order Acceptance,100,100,100
56,56.1,2025-05-12,10:07:38,"It was FRUSTRATING to guide the Delivery Guy about my address, furthermore, he did not have the POS Machine and kept insisting on paying Cash.",Delivery Experience → Address Accuracy,Delivery Address Guidance,Delivery Logistics,Customer had to repeatedly guide the delivery person to their address.,Complaint,Agitation – Frustrated,Delivery & Fulfillment,Delivery Execution,while guiding the delivery person to the address,Fix,6,Delivery Address Guidance – Complaint – Fix,"['frustrating', 'guide', 'address', 'delivery', 'logistics']","SECTION 1: THE CUSTOMER REALITY
  The customer submitted a Complaint about having to repeatedly guide the delivery person to their address during the delivery execution

  SECTION 2: THE STRATEGIC RESPONSE
  We need to Fix → Delivery Experience → Address Accuracy to address inaccurate address guidance that causes delivery delays and customer frustration",inaccurate address guidance that causes delivery delays and customer frustration,"The delivery process is hindered by inaccurate address information, leading to customer frustration and inefficiency. Fixing this will improve delivery accuracy and customer satisfaction.","Enhance delivery precision, reduce customer effort, and improve overall delivery experience.",Agitation,Frustrated,Delivery Logistics,Delivery Experience,Address Accuracy,Delivery Experience → Address Accuracy,100,100,100
56,56.2,2025-05-12,10:07:38,"It was FRUSTRATING to guide the Delivery Guy about my address, furthermore, he did not have the POS Machine and kept insisting on paying Cash.",Payment Options → Cashless Payment Availability,POS Machine Availability,Payment Experience,Delivery person insisted on cash payment due to lack of POS machine.,Complaint,Agitation – Frustrated,Delivery & Fulfillment,Payment Collection,when the delivery person insisted on cash payment,Fix,6,POS Machine Availability – Complaint – Fix,"['POS machine', 'cash', 'payment', 'insist', 'frustration']","SECTION 1: THE CUSTOMER REALITY
  The customer submitted a Complaint about the delivery person insisting on cash payment due to the lack of a POS machine during payment collection

  SECTION 2: THE STRATEGIC RESPONSE
  We need to Fix → Payment Options → Cashless Payment Availability to address the lack of POS machine that forces cash payment and causes inconvenience",lack of POS machine that forces cash payment and causes inconvenience,"The absence of a POS machine limits payment flexibility, causing inconvenience and frustration for customers preferring cashless transactions. Fixing this will enhance payment convenience and customer satisfaction.","Increase payment flexibility, reduce customer inconvenience, and improve overall payment experience.",Agitation,Frustrated,Payment Experience,Payment Options,Cashless Payment Availability,Payment Options → Cashless Payment Availability,100,100,100
57,57.1,2025-06-25,10:07:38,I received my order after 2 days and my last order was also 1 day late. It is very unprofessional. This must be improve otherwise costumer will look for another store.,Delivery Experience → Timeliness,Order Delivery Timing,Delivery & Fulfillment,"Customer experienced repeated delays in order delivery, with the current order arriving 2 days late and the previous order 1 day late.",Complaint,Agitation – Frustrated,Delivery & Fulfillment,Delivery Completion,upon receiving the order late,Fix,6,Order Delivery Timing – Complaint – Fix,"['late delivery', 'unprofessional', 'repeated delays', 'timeliness', 'customer retention risk']","SECTION 1: THE CUSTOMER REALITY
  The customer submitted a Complaint about receiving their order 2 days late, with the previous order also being 1 day late, upon receiving the order late

  SECTION 2: THE STRATEGIC RESPONSE
  We need to Fix → Delivery Experience → Timeliness to address repeated delivery delays that risk customer retention and satisfaction",repeated delivery delays that risk customer retention and satisfaction,The repeated failure to meet delivery timelines is causing customer frustration and poses a risk to retention. Immediate action is needed to restore reliability and trust in delivery services.,"Improve delivery reliability, reduce customer churn risk, and enhance overall satisfaction with delivery services.",Agitation,Frustrated,Delivery & Fulfillment,Delivery Experience,Timeliness,Delivery Experience → Timeliness,100,100,100
58,58.1,2025-05-15,10:07:38,"If an item is not available after placing the order, at least refund the amount to the user's wallet and notify them via SMS or email, instead of making the user file a complaint about the missing item and then refunding the amount.",Order Accuracy → Post-Order Availability Management,Refund & Notification Process,Order Management & Communication,"Customer suggests automatic refund and notification for unavailable items post-order, to avoid complaint filing.",Suggestion,Appreciation – Interested,Post-Purchase Experience,Order Fulfillment & Resolution,after order placement when item is unavailable,Innovate,4,Refund & Notification Process – Suggestion – Innovate,"['refund', 'notification', 'missing item', 'complaint', 'order management']","SECTION 1: THE CUSTOMER REALITY
  The customer made a Suggestion about implementing an automatic refund and notification process for unavailable items after order placement to prevent the need for complaint filing

  SECTION 2: THE STRATEGIC RESPONSE
  We need to Innovate → Order Accuracy → Post-Order Availability Management to address automatic refund and notification process for unavailable items to prevent complaint filing",automatic refund and notification process for unavailable items to prevent complaint filing,"This suggestion highlights a gap in the current post-order management process, offering a proactive solution to enhance customer satisfaction and reduce complaint handling.","Improve post-order communication, reduce customer effort in resolving issues, and enhance trust in order management processes.",Appreciation,Interested,Order Management,Order Accuracy,Post-Order Availability Management,Order Accuracy → Post-Order Availability Management,100,100,100
59,59.1,2025-07-07,10:07:38,Delivery timings is delayed too much I had received my order after 7 hours,Delivery Experience → Timing,Scheduled Delivery,Delivery & Fulfillment,"Customer experienced a significant delay, receiving their order 7 hours late.",Complaint,Agitation – Frustrated,Delivery & Fulfillment,Delivery Completion,when the order was delivered 7 hours late,Fix,6,Scheduled Delivery – Complaint – Fix,"['delivery delay', '7 hours late', 'timing issue']","SECTION 1: THE CUSTOMER REALITY
  The customer submitted a Complaint that when the order was delivered, it was 7 hours late, causing significant inconvenience

  SECTION 2: THE STRATEGIC RESPONSE
  We need to Fix → Delivery Experience → Timing to address severe delivery delays that disrupt customer schedules",severe delivery delays that disrupt customer schedules,"The delay represents a critical failure in delivery timing, directly impacting customer satisfaction and trust. Immediate resolution is required to restore reliability.","Restore delivery reliability, reduce customer frustration, and prevent future timing issues.",Agitation,Frustrated,Delivery & Fulfillment,Delivery Experience,Timing,Delivery Experience → Timing,100,100,100
60,60.1,2025-06-10,10:07:38,"Ordered Black Pomfret a couple of times. Both times I was told that it's out of stock because it gets sold out. So I requested next day delivery to actually get black Pomfret but it was still not delivered to me, even though your site shows it 'in stock'. I got a different fish instead which your staff asked as a second preference. Same happened with few other products like red grapes, persimmon etc. Why does your site show products 'in stock' when they cannot be delivered, especially Pomfret?",Product Availability → Real-Time Stock Visibility,Black Pomfret,Inventory Integrity,"Customer ordered Black Pomfret multiple times, but it was out of stock despite being shown as available online, leading to unwanted substitutions.",Complaint,Agitation – Frustrated,Purchase & Checkout,Order Confirmation & Fulfillment,during order confirmation and fulfillment,Fix,6,Black Pomfret – Complaint – Fix,"['out of stock', 'real-time availability', 'substitution', 'frustration']","SECTION 1: THE CUSTOMER REALITY
  The customer submitted a Complaint about ordering Black Pomfret multiple times, but it was out of stock despite being shown as available online, leading to unwanted substitutions during order confirmation and fulfillment

  SECTION 2: THE STRATEGIC RESPONSE
  We need to Fix → Product Availability → Real-Time Stock Visibility to address misleading stock visibility that results in unavailable items being shown as purchasable",misleading stock visibility that results in unavailable items being shown as purchasable,"This is a direct failure of inventory integrity at a critical purchase moment, introducing friction, confusion, and emotional erosion. Fixing this restores purchase reliability and trust.","Reinstate confidence in real-time stock accuracy, reduce failed purchase attempts, and lower cart abandonment at the conversion point.",Agitation,Frustrated,Inventory Integrity,Product Availability,Real-Time Stock Visibility,Product Availability → Real-Time Stock Visibility,100,100,100
61,61.1,2025-06-09,10:07:38,Aslamalaikum. I had ordered grocery from metro it was delivered by Metro thokar but heater was delayed. I had paid 700 for delivery as well it was delivered By Ravi branch. The heater was not suitable for my room. I went to Thokar branch to replace it with other. They said it is not from their branch and I had to return it to Ravi. Every brand allows exchange or replacement at any branch what was the purpose of online. I am regular online customer of Metro you can check history but disappointed. Contacted Metro several times kindly look into this issue.,Return & Refund Policy → Branch-Specific Return Restriction,Heater Exchange Policy,Policy Consistency,Customer was unable to exchange a heater at a different branch from where it was delivered.,Complaint,Agitation – Frustrated,Post-Purchase Experience,Return & Exchange Process,when attempting to exchange the heater at a different branch,Fix,6,Heater Exchange Policy – Complaint – Fix,"['exchange', 'branch-specific', 'return policy', 'disappointment', 'online purchase']","SECTION 1: THE CUSTOMER REALITY
  The customer submitted a Complaint about being unable to exchange a heater at a different branch from where it was delivered during the return & exchange process

  SECTION 2: THE STRATEGIC RESPONSE
  We need to Fix → Return & Refund Policy → Branch-Specific Return Restriction to address branch-specific return restrictions that prevent seamless exchanges for online purchases",branch-specific return restrictions that prevent seamless exchanges for online purchases,"The current policy creates unnecessary friction for online customers, undermining the convenience of online shopping and causing dissatisfaction.","Enhance return flexibility, improve customer satisfaction, and align online and in-store policies for a seamless experience.",Agitation,Frustrated,Policy Consistency,Return & Refund Policy,Branch-Specific Return Restriction,Return & Refund Policy → Branch-Specific Return Restriction,100,100,100
62,62.1,2025-05-03,10:07:38,Delivery timing buhat late hogai or items jo website per show ho rahi thi or selected thi wo rider ny unavailable batadin k wo dosry store men hongi men ny tu online mangwaya hy na jo available show huwa baqi ap ka kaam tha par nahi items kam kar k saman jo 10 sy 1 pm tak aana tha raat 8 pm ko taqreeban aaya. Its so disappointing!!,Delivery Experience → Timing,Scheduled Delivery Slot,Delivery & Fulfillment,Customer experienced a significant delay in delivery timing and was informed of unavailable items only upon delivery.,Complaint,Agitation – Disappointed,Delivery & Fulfillment,Delivery Completion,when the delivery arrived late and items were declared unavailable,Fix,6,Scheduled Delivery Slot – Complaint – Fix,"['late delivery', 'unavailable items', 'scheduled slot', 'disappointment']","SECTION 1: THE CUSTOMER REALITY
  The customer submitted a Complaint that during the delivery completion, the delivery was significantly late, and items were declared unavailable only upon arrival

  SECTION 2: THE STRATEGIC RESPONSE
  We need to Fix → Delivery Experience → Timing to address late deliveries and last-minute unavailability notifications that disrupt customer expectations",late deliveries and last-minute unavailability notifications that disrupt customer expectations,"The delivery was not only late but also incomplete, with items marked as unavailable at the last moment, causing customer dissatisfaction and trust erosion.","Restore reliability in delivery timing, ensure accurate inventory communication, and prevent future customer disappointment.",Agitation,Disappointed,Delivery & Fulfillment,Delivery Experience,Timing,Delivery Experience → Timing,100,100,100
63,63.1,2025-05-23,10:07:38,"Always there is something missing which items I ordered...and I just get that info on delivery time, o mam that item was out of stock .... that's not good for you rather for us ....",Order Accuracy → Out-of-Stock Notification,Delivery Notification,Inventory Management,"Customer is informed about out-of-stock items only at the time of delivery, causing dissatisfaction.",Complaint,Agitation – Frustrated,Delivery & Fulfillment,Delivery Completion,at the time of delivery,Fix,6,Delivery Notification – Complaint – Fix,"['missing items', 'out of stock', 'delivery time', 'notification', 'dissatisfaction']","SECTION 1: THE CUSTOMER REALITY
  The customer submitted a Complaint about being informed of out-of-stock items only at the time of delivery

  SECTION 2: THE STRATEGIC RESPONSE
  We need to Fix → Order Accuracy → Out-of-Stock Notification to address last-minute out-of-stock notifications that disrupt delivery expectations",last-minute out-of-stock notifications that disrupt delivery expectations,"This is a critical failure in communication and inventory management, leading to customer dissatisfaction and trust erosion. Immediate resolution is required to restore confidence in delivery accuracy.","Improve pre-delivery communication, reduce delivery surprises, and enhance customer satisfaction with accurate order fulfillment.",Agitation,Frustrated,Inventory Management,Order Accuracy,Out-of-Stock Notification,Order Accuracy → Out-of-Stock Notification,100,100,100
64,64.1,2025-05-07,10:07:38,I have issues with my first order which was not full and payment is still pending.,Order Accuracy → Incomplete Order Fulfillment,First Order,Order Fulfillment,"Customer's first order was incomplete, and the payment is still pending.",Complaint,Agitation – Frustrated,Order & Payment,Order Fulfillment & Payment Processing,when receiving the first order,Fix,6,First Order – Complaint – Fix,"['incomplete order', 'first order', 'payment pending', 'issues']","SECTION 1: THE CUSTOMER REALITY
  The customer submitted a Complaint about their first order being incomplete and the payment still pending when receiving the order

  SECTION 2: THE STRATEGIC RESPONSE
  We need to Fix → Order Accuracy → Incomplete Order Fulfillment to address incomplete first orders that leave payments unresolved and cause customer frustration",incomplete first orders that leave payments unresolved and cause customer frustration,"This is a critical failure in the initial customer experience, affecting both order accuracy and payment processing, which requires immediate resolution to prevent churn and restore trust.","Ensure complete order fulfillment, resolve payment issues promptly, and reinforce customer trust in the ordering process.",Agitation,Frustrated,Order Fulfillment,Order Accuracy,Incomplete Order Fulfillment,Order Accuracy → Incomplete Order Fulfillment,100,100,100
65,65.1,2025-07-08,10:07:38,"Hello. Some of the items that I ordered was not in stock. So I received a call from Metro staff and they informed me about it. My main point is, if the items were not in stock then why the app was showing them as AVAILABLE? This should not be happen like Carrefour and Alfatah app(s). Thanks",Product Availability → Real-Time Stock Visibility,Metro App,Inventory Integrity,"Customer was able to order items that were later found to be out of stock, questioning the app's real-time availability accuracy.",Complaint,Agitation – Frustrated,Purchase & Checkout,Order Placement,when placing an order through the app,Fix,6,Metro App – Complaint – Fix,"['out of stock', 'real-time availability', 'app', 'frustration']","SECTION 1: THE CUSTOMER REALITY
  The customer submitted a Complaint about being able to order items that were out of stock when placing an order through the app

  SECTION 2: THE STRATEGIC RESPONSE
  We need to Fix → Product Availability → Real-Time Stock Visibility to address misleading app availability that shows out-of-stock items as purchasable",misleading app availability that shows out-of-stock items as purchasable,"This is a direct failure of inventory integrity at a critical purchase moment, introducing friction, confusion, and emotional erosion. Fixing this restores purchase reliability and trust.","Reinstate confidence in real-time stock accuracy, reduce failed purchase attempts, and lower cart abandonment at the conversion point.",Agitation,Frustrated,Inventory Integrity,Product Availability,Real-Time Stock Visibility,Product Availability → Real-Time Stock Visibility,100,100,100
66,66.1,2025-07-05,10:07:38,"I ordered 4 crates of coca cola. And I was entitled to get Rs 150 voucher against every pallet. This was advertised in app. But unfortunately, I did not receive what was promised. Very bad on part of meteo.",Promotions & Discounts → Voucher Redemption,Rs 150 Voucher,Promotional Integrity,Customer did not receive the Rs 150 voucher per pallet as advertised in the app.,Complaint,Anger – Disappointed,Post-Purchase,Promotional Redemption,after ordering 4 crates of Coca Cola,Fix,6,Rs 150 Voucher – Complaint – Fix,"['voucher', 'advertised', 'not received', 'promised', 'app']","SECTION 1: THE CUSTOMER REALITY
  The customer submitted a Complaint about not receiving the Rs 150 voucher per pallet as advertised in the app after ordering 4 crates of Coca Cola

  SECTION 2: THE STRATEGIC RESPONSE
  We need to Fix → Promotions & Discounts → Voucher Redemption to address missing promotional vouchers that were promised during purchase",missing promotional vouchers that were promised during purchase,"This is a direct failure of promotional integrity, leading to customer dissatisfaction and trust erosion. Immediate resolution is required to restore confidence and fulfill advertised promises.","Reinstate trust in promotional offers, ensure accurate voucher delivery, and prevent future promotional discrepancies.",Anger,Disappointed,Promotional Integrity,Promotions & Discounts,Voucher Redemption,Promotions & Discounts → Voucher Redemption,100,100,100
67,67.1,2025-05-25,10:07:38,"Wrong items were delivered. Time slot is too big, due to which v have to stay whole day in waiting, which is waste of time.",Order Accuracy → Error Resolution,Incorrect Item Delivery,Delivery Accuracy,Customer received incorrect items in their delivery.,Complaint,Agitation – Frustrated,Delivery & Fulfillment,Delivery Completion,upon receiving the delivery,Fix,6,Incorrect Item Delivery – Complaint – Fix,"['wrong items', 'delivery error', 'incorrect delivery']","SECTION 1: THE CUSTOMER REALITY
  The customer submitted a Complaint about receiving incorrect items upon delivery

  SECTION 2: THE STRATEGIC RESPONSE
  We need to Fix → Order Accuracy → Error Resolution to address incorrect item deliveries that disrupt customer satisfaction",incorrect item deliveries that disrupt customer satisfaction,"This is a direct failure in delivery accuracy, causing customer dissatisfaction and requiring immediate resolution to restore trust.","Restore delivery reliability, reduce error rates, and enhance customer trust in order fulfillment.",Agitation,Frustrated,Delivery Accuracy,Order Accuracy,Error Resolution,Order Accuracy → Error Resolution,100,100,100
67,67.2,2025-05-25,10:07:38,"Wrong items were delivered. Time slot is too big, due to which v have to stay whole day in waiting, which is waste of time.",Delivery Experience → Timing,Delivery Time Slot,Time Management,Customer is frustrated with the large delivery time slot requiring them to wait all day.,Complaint,Agitation – Annoyed,Delivery & Fulfillment,Delivery Scheduling,during the delivery waiting period,Optimize,5,Delivery Time Slot – Complaint – Optimize,"['time slot', 'waiting', 'waste of time', 'delivery window']","SECTION 1: THE CUSTOMER REALITY
  The customer submitted a Complaint about the excessively large delivery time slot requiring them to wait all day

  SECTION 2: THE STRATEGIC RESPONSE
  We need to Optimize → Delivery Experience → Timing to address excessively large delivery time slots that cause customer inconvenience",excessively large delivery time slots that cause customer inconvenience,"The current delivery time slots are too broad, causing unnecessary waiting and frustration. Optimizing this will improve customer satisfaction and time management.","Enhance delivery scheduling precision, reduce customer wait times, and improve overall delivery satisfaction.",Agitation,Annoyed,Time Management,Delivery Experience,Timing,Delivery Experience → Timing,100,100,100
68,68.1,2025-06-26,10:07:38,This was my first experience of ordering from metro. I order online from many other platforms but I have never seen such a clueless delivery service. I ordered on 3rd of feb for the 7-10 pm time slot. They confirmed my order but never delivered. When i called the next day 3 times no one had a clue why my order was delayed. It was so frustrating that the help line knows nothing at all. After 6hrs and 3 calls I finally got a call back that my order will now be delivered. Extremely casual attitude of the staff with zero follow up. Please dont call yourself an express delivery service if you cannot deliver on the same day. I had a lunch planned and needed things for my child but had to order again from another shop due to this unprofessional service. I ordered for the first and last time.,Delivery Experience → Timing,Express Delivery Service,Delivery & Fulfillment,"Customer's order was confirmed for a specific time slot but was not delivered, causing frustration and inconvenience.",Complaint,Anger – Outraged,Delivery & Fulfillment,Delivery Completion,when the order was not delivered during the confirmed time slot,Fix,7,Express Delivery Service – Complaint – Fix,"['order delay', 'time slot', 'no delivery', 'frustration', 'unprofessional service']","SECTION 1: THE CUSTOMER REALITY
  The customer submitted a Complaint about their order not being delivered during the confirmed time slot, causing frustration and inconvenience

  SECTION 2: THE STRATEGIC RESPONSE
  We need to Fix → Delivery Experience → Timing to address failure to deliver within the promised time slot that led to customer frustration and disrupted plans",failure to deliver within the promised time slot that led to customer frustration and disrupted plans,"The failure to deliver within the promised time slot represents a breakdown in service reliability, causing significant customer frustration and disruption. Immediate resolution is required to restore trust and service credibility.","Restore delivery reliability, reduce customer frustration, and prevent future service disruptions.",Anger,Outraged,Delivery & Fulfillment,Delivery Experience,Timing,Delivery Experience → Timing,100,100,100
69,69.1,2025-06-08,10:07:38,"I had an excellent experience with Metro Online. They promptly delivered my selected groceries on the chosen date from their website, and upon inspection, all items were securely packaged. Additionally, I received a discount. Metro Online will be my go-to choice for grocery shopping 🛒.",Delivery Experience → Timeliness,Metro Online Delivery,Delivery & Fulfillment,Customer received groceries on the chosen date with all items securely packaged.,Compliment,Adoration – Loyal,Delivery & Fulfillment,Delivery Completion,upon receiving and inspecting the delivery,Amplify,1,Metro Online Delivery – Compliment – Amplify,"['prompt delivery', 'chosen date', 'secure packaging', 'excellent experience']","SECTION 1: THE CUSTOMER REALITY
  The customer gave a Compliment that upon receiving and inspecting the delivery, all items were securely packaged and delivered on the chosen date

  SECTION 2: THE STRATEGIC RESPONSE
  We need to Amplify → Delivery Experience → Timeliness to address prompt deliveries that reinforce customer loyalty and satisfaction",prompt deliveries that reinforce customer loyalty and satisfaction,"The delivery experience was seamless and exceeded expectations, creating a strong loyalty anchor. Amplifying this ensures continued customer satisfaction and advocacy.","Strengthen brand loyalty, encourage repeat purchases, and enhance delivery reputation.",Adoration,Loyal,Delivery & Fulfillment,Delivery Experience,Timeliness,Delivery Experience → Timeliness,100,100,100
70,70.1,2025-07-02,10:07:38,"Customer should be told about missing items before delivery so if it is possible, he can replace it.",Order Accuracy → Missing Item Notification,Pre-Delivery Notification System,Order Fulfillment Communication,Customer wants to be informed about missing items before delivery to allow for replacements.,Suggestion,Appreciation – Interested,Delivery & Fulfillment,Pre-Delivery Communication,before delivery notification,Innovate,4,Pre-Delivery Notification System – Suggestion – Innovate,"['missing items', 'pre-delivery notification', 'replacement', 'order accuracy']","SECTION 1: THE CUSTOMER REALITY
  The customer made a Suggestion that before delivery notification, they should be informed about missing items to allow for replacements

  SECTION 2: THE STRATEGIC RESPONSE
  We need to Innovate → Order Accuracy → Missing Item Notification to address pre-delivery notifications that enable customers to replace unavailable items",pre-delivery notifications that enable customers to replace unavailable items,"This suggestion highlights a gap in the current communication process, offering an opportunity to enhance customer satisfaction by allowing proactive order management.","Improve customer satisfaction by reducing delivery surprises, enhance order management flexibility, and increase trust in delivery communications.",Appreciation,Interested,Order Fulfillment,Order Accuracy,Missing Item Notification,Order Accuracy → Missing Item Notification,100,100,100
71,71.1,2025-05-15,10:07:38,One item was missing. I paid 701 rupees for Happy cow cheese. But it was not with my other stuff.,Order Accuracy → Missing Items,Happy Cow Cheese,Delivery & Fulfillment,"Customer paid for Happy Cow Cheese, but it was missing from the delivered items.",Complaint,Agitation – Frustrated,Delivery & Fulfillment,Order Completion,upon receiving the delivery,Fix,6,Happy Cow Cheese – Complaint – Fix,"['missing item', 'paid', 'not delivered', 'Happy Cow Cheese']","SECTION 1: THE CUSTOMER REALITY
  The customer submitted a Complaint about paying for Happy Cow Cheese, which was missing upon receiving the delivery

  SECTION 2: THE STRATEGIC RESPONSE
  We need to Fix → Order Accuracy → Missing Items to address missing paid items that lead to customer dissatisfaction and trust issues",missing paid items that lead to customer dissatisfaction and trust issues,"This is a direct failure in order fulfillment, where a paid item was not delivered, causing customer frustration and potential trust erosion. Immediate resolution is required to restore confidence.","Restore trust in delivery accuracy, ensure complete order fulfillment, and prevent future occurrences of missing items.",Agitation,Frustrated,Delivery & Fulfillment,Order Accuracy,Missing Items,Order Accuracy → Missing Items,100,100,100
72,72.1,2025-06-13,10:07:38,"Updated metro app is worst....too much slow....once you add items in cart, the cart will not open and you have to order without checking the items in cart.....",Mobile App → Cart Functionality,Metro App Cart,Digital Shopping Experience,"Customer experiences slow app performance and inability to open the cart after adding items, forcing them to order without reviewing the cart.",Complaint,Agitation – Frustrated,Digital Engagement,Cart Management,when attempting to open the cart after adding items,Fix,6,Metro App Cart – Complaint – Fix,"['slow', 'cart', 'app performance', 'order without checking']","SECTION 1: THE CUSTOMER REALITY
  The customer submitted a Complaint that when attempting to open the cart after adding items, the app was too slow and the cart would not open, forcing them to order without checking the items in the cart.

  SECTION 2: THE STRATEGIC RESPONSE
  We need to Fix → Mobile App → Cart Functionality to address slow app performance and cart access issues that prevent customers from reviewing their cart before ordering.",slow app performance and cart access issues that prevent customers from reviewing their cart before ordering,"The app's core functionality is compromised, leading to a significant breakdown in the shopping process, necessitating immediate resolution to restore usability and trust.","Restore app reliability, ensure cart review capability, and prevent order errors due to unverified cart contents.",Agitation,Frustrated,Digital Shopping Experience,Mobile App,Cart Functionality,Mobile App → Cart Functionality,100,100,100
73,73.1,2025-05-25,10:07:38,"On the order day the chicken price was high but chicken wasn't available on that day as I made the payment in advance. On the 2nd day after many calls, the rider delivered the chicken late at night and the price of the chicken was down on the 2nd day. Where will the difference reflect or refund?",Order Accuracy → Price Adjustment,Chicken Price Adjustment,Pricing Integrity,"Customer paid a higher price for chicken on the order day, but it was delivered late and at a lower price the next day.",Complaint,Agitation – Frustrated,Delivery & Fulfillment,Order Fulfillment & Pricing,during late delivery with price discrepancy,Fix,6,Chicken Price Adjustment – Complaint – Fix,"['price difference', 'late delivery', 'refund', 'pricing integrity']","SECTION 1: THE CUSTOMER REALITY
  The customer submitted a Complaint about paying a higher price for chicken on the order day, but it was delivered late and at a lower price the next day

  SECTION 2: THE STRATEGIC RESPONSE
  We need to Fix → Order Accuracy → Price Adjustment to address price discrepancies that occur when delivery is delayed and prices drop",price discrepancies that occur when delivery is delayed and prices drop,"This is a direct failure in pricing integrity and order accuracy, leading to customer dissatisfaction and potential trust erosion. Immediate resolution is required to ensure fair pricing and customer satisfaction.","Restore trust in pricing accuracy, ensure timely delivery, and prevent future pricing conflicts.",Agitation,Frustrated,Pricing Integrity,Order Accuracy,Price Adjustment,Order Accuracy → Price Adjustment,100,100,100
74,74.1,2025-06-01,10:07:38,"My last order was not delivered to me. Even I also visited the branch for complaint but your staff did not let me meet the customer relation officer. Kindly share the contact number of customer relation officer and also establish an independent complaint cell so that the customer can expose the corruption of your sales staff. Your sales staff does not deliver the orders in which discount voucher is used. And after delivering this order to someone else, divide the voucher amount among themselves. It is suggested that change the direct discount method of voucher just like reward points by shifting voucher amount in wallet account. In this way, you can minimize the corruption of your sales staff.",Delivery Experience → Order Non-Delivery,Order with Discount Voucher,Delivery Integrity,"Customer's order was not delivered, and staff allegedly misappropriated the voucher amount.",Complaint,Anger – Outraged,Delivery & Fulfillment,Order Delivery,when the order was not delivered,Fix,7,Order with Discount Voucher – Complaint – Fix,"['non-delivery', 'voucher misuse', 'staff corruption', 'complaint']","SECTION 1: THE CUSTOMER REALITY
  The customer submitted a Complaint about their order not being delivered and staff allegedly misappropriating the voucher amount when the order was not delivered

  SECTION 2: THE STRATEGIC RESPONSE
  We need to Fix → Delivery Experience → Order Non-Delivery to address non-delivered orders with vouchers that lead to staff misuse and customer distrust",non-delivered orders with vouchers that lead to staff misuse and customer distrust,"This is a critical failure in delivery integrity, leading to potential fraud and severe customer dissatisfaction. Immediate resolution is required to restore trust and operational transparency.","Reinstate delivery reliability, prevent voucher misuse, and protect customer trust.",Anger,Outraged,Delivery Integrity,Delivery Experience,Order Non-Delivery,Delivery Experience → Order Non-Delivery,100,100,100
74,74.2,2025-06-01,10:07:38,"My last order was not delivered to me. Even I also visited the branch for complaint but your staff did not let me meet the customer relation officer. Kindly share the contact number of customer relation officer and also establish an independent complaint cell so that the customer can expose the corruption of your sales staff. Your sales staff does not deliver the orders in which discount voucher is used. And after delivering this order to someone else, divide the voucher amount among themselves. It is suggested that change the direct discount method of voucher just like reward points by shifting voucher amount in wallet account. In this way, you can minimize the corruption of your sales staff.",Customer Support → Complaint Handling,Independent Complaint Cell,Support Transparency,Customer was unable to meet the customer relation officer and suggests establishing an independent complaint cell.,Request,Agitation – Frustrated,Customer Support,Complaint Resolution,when attempting to escalate a complaint,Innovate,6,Independent Complaint Cell – Request – Innovate,"['complaint handling', 'support transparency', 'independent cell', 'staff corruption']","SECTION 1: THE CUSTOMER REALITY
  The customer made a Request about being unable to meet the customer relation officer and suggests establishing an independent complaint cell when attempting to escalate a complaint

  SECTION 2: THE STRATEGIC RESPONSE
  We need to Innovate → Customer Support → Complaint Handling to address lack of independent complaint channels that hinder transparent issue resolution",lack of independent complaint channels that hinder transparent issue resolution,"The customer identifies a gap in complaint handling transparency, suggesting a structural innovation to enhance accountability and trust.","Improve complaint resolution transparency, increase customer trust, and ensure accountability in support processes.",Agitation,Frustrated,Support Transparency,Customer Support,Complaint Handling,Customer Support → Complaint Handling,100,100,100
74,74.3,2025-06-01,10:07:38,"My last order was not delivered to me. Even I also visited the branch for complaint but your staff did not let me meet the customer relation officer. Kindly share the contact number of customer relation officer and also establish an independent complaint cell so that the customer can expose the corruption of your sales staff. Your sales staff does not deliver the orders in which discount voucher is used. And after delivering this order to someone else, divide the voucher amount among themselves. It is suggested that change the direct discount method of voucher just like reward points by shifting voucher amount in wallet account. In this way, you can minimize the corruption of your sales staff.",Payment Options → Voucher Redemption,Voucher to Wallet Conversion,Payment Security,Customer suggests converting voucher discounts to wallet credits to prevent staff misuse.,Suggestion,Appreciation – Interested,Payment & Checkout,Voucher Application,when applying discount vouchers,Innovate,4,Voucher to Wallet Conversion – Suggestion – Innovate,"['voucher', 'wallet', 'payment security', 'staff misuse']","SECTION 1: THE CUSTOMER REALITY
  The customer made a Suggestion about converting voucher discounts to wallet credits to prevent staff misuse when applying discount vouchers

  SECTION 2: THE STRATEGIC RESPONSE
  We need to Innovate → Payment Options → Voucher Redemption to address voucher-to-wallet conversion that secures discount application and prevents misuse",voucher-to-wallet conversion that secures discount application and prevents misuse,"The suggestion reflects a proactive approach to enhance payment security and prevent misuse, aligning with strategic innovation goals.","Enhance payment security, prevent misuse of discounts, and improve customer trust in voucher systems.",Appreciation,Interested,Payment Security,Payment Options,Voucher Redemption,Payment Options → Voucher Redemption,100,100,100
75,75.1,2025-06-07,10:07:38,Please try to deliver the order same day as you claim with your express delivery service.,Delivery Experience → Timeliness,Express Delivery Service,Delivery & Fulfillment,Customer requests that the express delivery service fulfill its promise of same-day delivery.,Request,Agitation – Disappointed,Delivery & Fulfillment,Delivery Completion,when the express delivery did not arrive on the same day as promised,Fix,6,Express Delivery Service – Request – Fix,"['same-day delivery', 'express service', 'timeliness', 'fulfillment']","SECTION 1: THE CUSTOMER REALITY
  The customer made a Request that the express delivery service fulfill its promise of same-day delivery when the express delivery did not arrive on the same day as promised

  SECTION 2: THE STRATEGIC RESPONSE
  We need to Fix → Delivery Experience → Timeliness to address failure to meet same-day delivery promises that erode trust in express services",failure to meet same-day delivery promises that erode trust in express services,"The express delivery service failed to meet its core promise, causing customer dissatisfaction and trust erosion. Immediate resolution is needed to restore service reliability.","Reinforce delivery reliability, restore customer trust in express services, and prevent future delivery failures.",Agitation,Disappointed,Delivery & Fulfillment,Delivery Experience,Timeliness,Delivery Experience → Timeliness,100,100,100
76,76.1,2025-05-23,10:07:38,My oil and ghee packets were leaked from the last order.,Delivery Experience → Packaging Quality,Oil and Ghee Packets,Delivery & Fulfillment,Customer received oil and ghee packets that were leaking upon delivery.,Complaint,Agitation – Frustrated,Delivery & Fulfillment,Order Receipt,upon delivery,Fix,6,Oil and Ghee Packets – Complaint – Fix,"['leaked', 'oil', 'ghee', 'packaging', 'delivery']","SECTION 1: THE CUSTOMER REALITY
  The customer submitted a Complaint that upon delivery, their oil and ghee packets were leaking

  SECTION 2: THE STRATEGIC RESPONSE
  We need to Fix → Delivery Experience → Packaging Quality to address leaking oil and ghee packets that compromise product integrity and customer satisfaction",leaking oil and ghee packets that compromise product integrity and customer satisfaction,"The packaging failure directly affects product integrity and customer satisfaction, necessitating immediate resolution to prevent future occurrences and maintain trust.","Improve packaging reliability, ensure product integrity upon delivery, and enhance customer trust in delivery quality.",Agitation,Frustrated,Delivery & Fulfillment,Delivery Experience,Packaging Quality,Delivery Experience → Packaging Quality,100,100,100
77,77.1,2025-05-23,10:07:38,"Delivery time window is too broad. Delivery time should be stated within ±/- 2 hours, so customer is not stuck all day waiting for delivery from 10 a.m. until night time. Also same day delivery should be done for orders placed before noon. One previous order was delivered on third day, and NO communication was done that delivery was delayed from next day to 3rd day.",Delivery Experience → Timing Precision,Delivery Time Window,Delivery & Fulfillment,Customer is frustrated with broad delivery time windows and lack of precise timing.,Suggestion,Agitation – Frustrated,Delivery & Fulfillment,Delivery Scheduling,when scheduling delivery,Optimize,5,Delivery Time Window – Suggestion – Optimize,"['broad time window', '±/- 2 hours', 'waiting', 'delivery precision']","SECTION 1: THE CUSTOMER REALITY
  The customer made a Suggestion about the delivery time window being too broad, causing extended waiting periods

  SECTION 2: THE STRATEGIC RESPONSE
  We need to Optimize → Delivery Experience → Timing Precision to address broad delivery windows that cause extended waiting periods for customers",broad delivery windows that cause extended waiting periods for customers,"The current delivery window lacks precision, leading to customer frustration and inefficiency. Optimizing this will enhance customer satisfaction and operational efficiency.","Reduce customer waiting time, improve delivery satisfaction, and enhance scheduling accuracy.",Agitation,Frustrated,Delivery & Fulfillment,Delivery Experience,Timing,Delivery Experience → Timing,100,100,100
77,77.2,2025-05-23,10:07:38,"Delivery time window is too broad. Delivery time should be stated within ±/- 2 hours, so customer is not stuck all day waiting for delivery from 10 a.m. until night time. Also same day delivery should be done for orders placed before noon. One previous order was delivered on third day, and NO communication was done that delivery was delayed from next day to 3rd day.",Delivery Experience → Timeliness,Same Day Delivery,Delivery & Fulfillment,Customer expects same-day delivery for orders placed before noon and experienced a delay without communication.,Complaint,Anger – Disappointed,Delivery & Fulfillment,Delivery Execution,when expecting same-day delivery,Fix,6,Same Day Delivery – Complaint – Fix,"['same day delivery', 'order before noon', 'delay', 'no communication']","SECTION 1: THE CUSTOMER REALITY
  The customer submitted a Complaint about expecting same-day delivery for orders placed before noon, but experienced a delay without communication

  SECTION 2: THE STRATEGIC RESPONSE
  We need to Fix → Delivery Experience → Timeliness to address unmet same-day delivery expectations and lack of delay communication",unmet same-day delivery expectations and lack of delay communication,"The failure to meet promised delivery timelines and lack of communication erodes trust and satisfaction, necessitating immediate corrective action.","Restore delivery reliability, improve communication protocols, and prevent future delivery dissatisfaction.",Anger,Disappointed,Delivery & Fulfillment,Delivery Experience,Timeliness,Delivery Experience → Timeliness,100,100,100
78,78.1,2025-05-22,10:07:38,The supervisor of thokar branch Ali has been very helpful and accommodating. Adjusted the delivery time for me as I am a working woman. The mutton and vegetables were fresh and selected as per my instructions online.,Customer Service → Staff Interaction,Supervisor Ali,Service Excellence,The supervisor adjusted the delivery time to accommodate the customer's working schedule.,Compliment,Adoration – Appreciated,Delivery & Fulfillment,Delivery Scheduling,when adjusting delivery time,Amplify,2,Supervisor Ali – Compliment – Amplify,"['helpful', 'accommodating', 'delivery time', 'working woman', 'supervisor']","SECTION 1: THE CUSTOMER REALITY
  The customer gave a Compliment that during the delivery scheduling, the supervisor adjusted the delivery time to accommodate her working schedule

  SECTION 2: THE STRATEGIC RESPONSE
  We need to Amplify → Customer Service → Staff Interaction to address personalized delivery adjustments that enhance customer satisfaction",personalized delivery adjustments that enhance customer satisfaction,"This behavior demonstrates exceptional service that strengthens customer loyalty and satisfaction, warranting amplification.","Reinforce personalized service, increase customer loyalty, and promote staff excellence.",Adoration,Appreciated,Service Excellence,Customer Service,Staff Interaction,Customer Service → Staff Interaction,100,100,100
78,78.2,2025-05-22,10:07:38,The supervisor of thokar branch Ali has been very helpful and accommodating. Adjusted the delivery time for me as I am a working woman. The mutton and vegetables were fresh and selected as per my instructions online.,Product Quality → Freshness,Mutton and Vegetables,Product Excellence,The mutton and vegetables were fresh and selected as per the customer's online instructions.,Compliment,Appreciation – Satisfied,Product Selection & Quality,Order Fulfillment,when receiving the order,Amplify,1,Mutton and Vegetables – Compliment – Amplify,"['fresh', 'selected', 'instructions', 'mutton', 'vegetables']","SECTION 1: THE CUSTOMER REALITY
  The customer gave a Compliment that when receiving the order, the mutton and vegetables were fresh and selected as per her instructions

  SECTION 2: THE STRATEGIC RESPONSE
  We need to Amplify → Product Quality → Freshness to address high-quality product selection that meets customer expectations",high-quality product selection that meets customer expectations,"The delivery of fresh products as per customer specifications enhances satisfaction and trust, making it a candidate for amplification.","Strengthen product quality perception, boost customer satisfaction, and encourage repeat purchases.",Appreciation,Satisfied,Product Excellence,Product Quality,Freshness,Product Quality → Freshness,100,100,100
79,79.1,2025-05-14,10:07:38,"I always order multiple items, when item delivers few items are always missing. Even this time some items were not there like Brite and chicken spread but it should not be like this. First item should not be visible if not available and when certain items are not delivered then customer should receive those items separately that these items are not in the shipment which I ordered. Right now I have to search by myself, online should be convenience but it's making shopping more difficult. Please try to improve this.",Product Availability → Real-Time Stock Visibility,"Brite, Chicken Spread",Inventory Integrity,"Customer frequently experiences missing items in deliveries, including Brite and chicken spread, and desires real-time stock visibility and notification of unavailable items.",Complaint,Agitation – Frustrated,Delivery & Fulfillment,Order Fulfillment & Delivery,upon receiving the delivery with missing items,Fix,6,"Brite, Chicken Spread – Complaint – Fix","['missing items', 'real-time availability', 'notification', 'convenience', 'difficulty']","SECTION 1: THE CUSTOMER REALITY
  The customer submitted a Complaint about frequently receiving deliveries with missing items like Brite and chicken spread, without prior notification of their unavailability

  SECTION 2: THE STRATEGIC RESPONSE
  We need to Fix → Product Availability → Real-Time Stock Visibility to address missing items in deliveries that are not flagged as unavailable before shipment",missing items in deliveries that are not flagged as unavailable before shipment,"This is a direct failure of inventory integrity and communication at a critical fulfillment stage, causing customer frustration and undermining trust. Fixing this restores reliability and convenience in the online shopping experience.","Reinstate confidence in delivery accuracy, reduce customer effort in managing orders, and enhance overall shopping convenience.",Agitation,Frustrated,Inventory Integrity,Product Availability,Real-Time Stock Visibility,Product Availability → Real-Time Stock Visibility,100,100,100
80,80.1,2025-05-24,10:07:38,I ordered a cutting board. The price on app was Rs. 499 but when I received the employee demanded Rs. 599 as on the manual bill. I was shocked and later I did not pay the extra Rs.100.,Order & Payment → Price Discrepancy,Cutting Board,Pricing Integrity,Customer was charged a higher price upon delivery than what was shown on the app.,Complaint,Agitation – Shocked,Delivery & Fulfillment,Delivery Completion,upon receiving the manual bill,Fix,6,Cutting Board – Complaint – Fix,"['price discrepancy', 'app price', 'manual bill', 'extra charge', 'shock']","SECTION 1: THE CUSTOMER REALITY
  The customer submitted a Complaint about being charged Rs. 599 instead of Rs. 499 as shown on the app upon receiving the manual bill

  SECTION 2: THE STRATEGIC RESPONSE
  We need to Fix → Order & Payment → Price Discrepancy to address price discrepancies between app and manual bill that cause customer shock and distrust",price discrepancies between app and manual bill that cause customer shock and distrust,"This is a direct breach of pricing integrity, leading to customer shock and potential distrust. Immediate resolution is required to restore confidence and prevent future discrepancies.","Reinforce pricing accuracy, prevent billing disputes, and maintain customer trust in transaction transparency.",Agitation,Shocked,Pricing Integrity,Order & Payment,Price Discrepancy,Order & Payment → Price Discrepancy,100,100,100
81,81.1,2025-06-15,10:07:38,"Excellent delivery, please just introduce card machine on delivery, it will be much more convenient.",Payment Options → On-Delivery Card Payment,Card Machine on Delivery,Payment Experience,Customer finds the delivery service excellent but suggests adding a card machine for on-delivery payments for convenience.,Suggestion,Appreciation – Interested,Delivery & Fulfillment,Payment Completion,during delivery payment process,Innovate,3,Card Machine on Delivery – Suggestion – Innovate,"['excellent delivery', 'card machine', 'on delivery', 'convenience']","SECTION 1: THE CUSTOMER REALITY
  The customer made a Suggestion that during the delivery payment process, introducing a card machine would enhance convenience

  SECTION 2: THE STRATEGIC RESPONSE
  We need to Innovate → Payment Options → On-Delivery Card Payment to address the need for card machines on delivery that enhance payment convenience",the need for card machines on delivery that enhance payment convenience,"The suggestion reflects a desire for enhanced payment flexibility and convenience during delivery, indicating an opportunity for innovation in payment options.","Increase payment flexibility, enhance customer convenience, and improve overall delivery satisfaction.",Appreciation,Interested,Payment Experience,Payment Options,On-Delivery Card Payment,Payment Options → On-Delivery Card Payment,100,100,100
82,82.1,2025-06-29,10:07:38,"Add free bag on 4000 above shopping. Last time rider asked to give him back the shopping bag. Meat and other stuff like detergents are in one bag. This is not the way. Otherwise, items were good, meat was fresh. Improve the packaging of order please.",Delivery Experience → Packaging Quality,Order Packaging,Delivery & Fulfillment,"Customer experienced poor packaging with meat and detergents placed in the same bag, and was asked to return the shopping bag.",Complaint,Agitation – Annoyed,Delivery & Fulfillment,Order Delivery,during order delivery,Fix,5,Order Packaging – Complaint – Fix,"['packaging', 'meat', 'detergents', 'shopping bag', 'improve']","SECTION 1: THE CUSTOMER REALITY
  The customer submitted a Complaint about inadequate packaging with meat and detergents placed in the same bag, and being asked to return the shopping bag during order delivery

  SECTION 2: THE STRATEGIC RESPONSE
  We need to Fix → Delivery Experience → Packaging Quality to address inadequate packaging that mixes incompatible items and requires bag return",inadequate packaging that mixes incompatible items and requires bag return,"The packaging method is causing inconvenience and potential contamination, requiring immediate correction to ensure customer satisfaction and safety.","Improve packaging standards, prevent cross-contamination, and enhance delivery experience.",Agitation,Annoyed,Delivery & Fulfillment,Delivery Experience,Packaging Quality,Delivery Experience → Packaging Quality,100,100,100
82,82.2,2025-06-29,10:07:38,"Add free bag on 4000 above shopping. Last time rider asked to give him back the shopping bag. Meat and other stuff like detergents are in one bag. This is not the way. Otherwise, items were good, meat was fresh. Improve the packaging of order please.",Promotions & Discounts → Free Bag Offer,Free Bag on 4000+ Shopping,Order & Payment,Customer suggests offering a free bag for purchases over 4000.,Suggestion,Appreciation – Interested,Order & Payment,Checkout & Payment,during checkout,Innovate,3,Free Bag on 4000+ Shopping – Suggestion – Innovate,"['free bag', '4000+', 'promotion', 'offer']","SECTION 1: THE CUSTOMER REALITY
  The customer made a Suggestion about offering a free bag for purchases over 4000 during checkout

  SECTION 2: THE STRATEGIC RESPONSE
  We need to Innovate → Promotions & Discounts → Free Bag Offer to address introducing a free bag offer for high-value purchases to enhance customer value",introducing a free bag offer for high-value purchases to enhance customer value,This suggestion reflects a potential value-add that could incentivize larger purchases and improve customer satisfaction.,"Encourage higher spending, increase customer satisfaction, and enhance promotional appeal.",Appreciation,Interested,Order & Payment,Promotions & Discounts,Free Bag Offer,Promotions & Discounts → Free Bag Offer,100,100,100
83,83.1,2025-05-05,10:07:38,"When ever i have placed my electronic order, i never received it, thats why i have stopped placing elrctronic order. Though im happy with grocery shopping and often do. I get timely delivery.",Order Fulfillment → Electronic Orders,Electronic Order Non-Delivery,Order Reliability,"Customer never received their electronic orders, leading to discontinuation of placing such orders.",Complaint,Anger – Frustrated,Order & Fulfillment,Order Placement & Delivery,after placing electronic orders,Fix,7,Electronic Order Non-Delivery – Complaint – Fix,"['never received', 'electronic order', 'stopped placing', 'non-delivery']","SECTION 1: THE CUSTOMER REALITY
  The customer submitted a Complaint about never receiving their electronic orders after placing them, leading to discontinuation of such orders

  SECTION 2: THE STRATEGIC RESPONSE
  We need to Fix → Order Fulfillment → Electronic Orders to address consistent non-delivery of electronic orders that leads to customer discontinuation",consistent non-delivery of electronic orders that leads to customer discontinuation,"This is a critical failure in the order fulfillment process for electronic orders, causing customer frustration and loss of trust. Immediate resolution is required to restore service reliability.","Restore confidence in electronic order fulfillment, prevent customer churn, and improve delivery reliability.",Anger,Frustrated,Order Reliability,Order Fulfillment,Electronic Orders,Order Fulfillment → Electronic Orders,100,100,100
83,83.2,2025-05-05,10:07:38,"When ever i have placed my electronic order, i never received it, thats why i have stopped placing elrctronic order. Though im happy with grocery shopping and often do. I get timely delivery.",Delivery Experience → Timeliness,Grocery Delivery,Delivery Satisfaction,Customer is satisfied with the timely delivery of grocery orders.,Compliment,Appreciation – Satisfied,Delivery & Fulfillment,Delivery Completion,upon receiving grocery deliveries,Amplify,2,Grocery Delivery – Compliment – Amplify,"['timely delivery', 'grocery shopping', 'happy', 'satisfied']","SECTION 1: THE CUSTOMER REALITY
  The customer gave a Compliment about the timely delivery of their grocery orders upon receiving them

  SECTION 2: THE STRATEGIC RESPONSE
  We need to Amplify → Delivery Experience → Timeliness to address consistent timely grocery deliveries that enhance customer satisfaction",consistent timely grocery deliveries that enhance customer satisfaction,The timely delivery of grocery orders is a strength that reinforces customer satisfaction and loyalty. Amplifying this ensures continued positive experiences and brand advocacy.,"Strengthen delivery reliability, boost customer satisfaction, and encourage repeat purchases.",Appreciation,Satisfied,Delivery Satisfaction,Delivery Experience,Timeliness,Delivery Experience → Timeliness,100,100,100
84,84.1,2025-06-22,10:07:38,2 items were out of stock and I was not informed in any way.,Order Accuracy → Out-of-Stock Notification,Out-of-Stock Items,Inventory Communication,Customer was not informed about items being out of stock.,Complaint,Agitation – Frustrated,Order Fulfillment,Order Confirmation,when expecting order confirmation,Fix,6,Out-of-Stock Items – Complaint – Fix,"['out of stock', 'no notification', 'inventory', 'communication']","SECTION 1: THE CUSTOMER REALITY
  The customer submitted a Complaint about not being informed of out-of-stock items when expecting order confirmation

  SECTION 2: THE STRATEGIC RESPONSE
  We need to Fix → Order Accuracy → Out-of-Stock Notification to address lack of notification for out-of-stock items that leaves customers uninformed",lack of notification for out-of-stock items that leaves customers uninformed,"This is a communication failure at a critical order stage, causing customer frustration and potential trust erosion. Fixing this ensures transparency and reliability in order fulfillment.","Improve customer trust in inventory accuracy, reduce order-related surprises, and enhance overall satisfaction with order communication.",Agitation,Frustrated,Inventory Communication,Order Accuracy,Out-of-Stock Notification,Order Accuracy → Out-of-Stock Notification,100,100,100
85,85.1,2025-06-03,10:07:38,plz improve ur delivery staff attitude. nd delivered complete orders.almost  i ordered above  7000 nd never win🥺,Delivery Experience → Staff Conduct,Delivery Personnel,Service Quality,Customer experienced poor attitude from delivery staff and incomplete orders.,Complaint,Agitation – Frustrated,Delivery & Fulfillment,Delivery Completion,during delivery handoff,Fix,6,Delivery Personnel – Complaint – Fix,"['staff attitude', 'incomplete orders', 'delivery', 'frustration']","SECTION 1: THE CUSTOMER REALITY
  The customer submitted a Complaint about experiencing poor attitude from delivery staff and receiving incomplete orders during the delivery handoff

  SECTION 2: THE STRATEGIC RESPONSE
  We need to Fix → Delivery Experience → Staff Conduct to address unprofessional delivery staff behavior and incomplete order deliveries",unprofessional delivery staff behavior and incomplete order deliveries,"The delivery staff's attitude and incomplete orders directly impact customer satisfaction and trust, necessitating immediate corrective action.","Improve delivery staff professionalism, ensure complete order fulfillment, and restore customer trust in delivery services.",Agitation,Frustrated,Service Quality,Delivery Experience,Staff Conduct,Delivery Experience → Staff Conduct,100,100,100
86,86.1,2025-05-28,10:07:38,"Less detail of product on website, require more description/detail/picture so that user feel comfortable while buying online products.",Product Information → Product Details,Online Product Listings,Digital Shopping Experience,"Customer finds the product listings lacking in detail, requiring more comprehensive descriptions and images to feel confident in purchasing.",Suggestion,Ambivalence – Indifferent,Digital Engagement,Product Browsing,while reviewing product listings online,Optimize,4,Online Product Listings – Suggestion – Optimize,"['product detail', 'description', 'picture', 'online comfort']","SECTION 1: THE CUSTOMER REALITY
  The customer made a Suggestion that while reviewing product listings online, they found the details insufficient, requiring more comprehensive descriptions and images to feel confident in purchasing.

  SECTION 2: THE STRATEGIC RESPONSE
  We need to Optimize → Product Information → Product Details to address insufficient product details that hinder online purchasing confidence.",insufficient product details that hinder online purchasing confidence,"The current product information is functional but lacks depth, causing hesitation and reducing purchase confidence. Optimizing this will enhance the digital shopping experience.","Improve online purchase confidence, reduce cart abandonment, and enhance user satisfaction with detailed product information.",Ambivalence,Indifferent,Digital Shopping Experience,Product Information,Product Details,Product Information → Product Details,100,100,100
87,87.1,2025-06-05,10:07:38,I received the msg about two products that are not available and we are not sending it. And when I receive my parcel a pack of innovative digestive biscuit is missed. I called the delivery boy and he said OK we will deliver it but til now I didn't receive it.,Order Accuracy → Missing Items,Innovative Digestive Biscuit,Delivery & Fulfillment,"Customer was informed about unavailable products, but a promised item was missing and not delivered as assured.",Complaint,Agitation – Frustrated,Delivery & Fulfillment,Parcel Receipt & Verification,upon parcel receipt and follow-up with delivery personnel,Fix,6,Innovative Digestive Biscuit – Complaint – Fix,"['missing item', 'delivery promise', 'unfulfilled', 'digestive biscuit']","SECTION 1: THE CUSTOMER REALITY
  The customer submitted a Complaint about a missing pack of innovative digestive biscuits that was promised for delivery but never arrived upon parcel receipt and follow-up with delivery personnel

  SECTION 2: THE STRATEGIC RESPONSE
  We need to Fix → Order Accuracy → Missing Items to address unfulfilled delivery promises that lead to missing items and customer frustration",unfulfilled delivery promises that lead to missing items and customer frustration,"The failure to deliver a promised item after assurance from delivery personnel represents a breakdown in fulfillment accuracy and trust, necessitating immediate resolution.","Restore trust in delivery commitments, ensure fulfillment accuracy, and reduce customer dissatisfaction.",Agitation,Frustrated,Delivery & Fulfillment,Order Accuracy,Missing Items,Order Accuracy → Missing Items,100,100,100
88,88.1,2025-05-25,10:07:38,"I've ordered quails 2 times. First time, packing and quantity were really good; there were 8 to 10 quails in one pack. But on the 2nd time, I ordered the same, but the quantity was low, just 5 quails in one pack, and also the packing was changed.",Product Quality → Consistency,Quail Pack,Product & Selection,Customer experienced inconsistency in quantity and packaging of quails between two orders.,Complaint,Agitation – Disappointed,Order Fulfillment,Product Receipt & Inspection,upon receiving the second order of quails,Fix,5,Quail Pack – Complaint – Fix,"['quantity inconsistency', 'packaging change', 'quails', 'order discrepancy']","SECTION 1: THE CUSTOMER REALITY
  The customer submitted a Complaint about the inconsistency in quantity and packaging of quails upon receiving the second order

  SECTION 2: THE STRATEGIC RESPONSE
  We need to Fix → Product Quality → Consistency to address inconsistent quantity and packaging of quails that disrupts customer expectations",inconsistent quantity and packaging of quails that disrupts customer expectations,"The inconsistency in product delivery undermines trust and reliability, requiring immediate correction to meet customer expectations.","Restore consistency in product delivery, reinforce trust in product quality, and ensure customer satisfaction.",Agitation,Disappointed,Product & Selection,Product Quality,Consistency,Product Quality → Consistency,100,100,100
89,89.1,2025-06-21,10:07:38,We expect good quality products from metro but sometimes you deliver rotten products like Tuna fish and potatoes.,Product Quality → Product Freshness,Tuna Fish and Potatoes,Product & Selection,"Customer received rotten Tuna fish and potatoes, which did not meet expected quality standards.",Complaint,Agitation – Disappointed,Delivery & Fulfillment,Product Receipt,upon receiving the delivery,Fix,6,Tuna Fish and Potatoes – Complaint – Fix,"['rotten', 'Tuna fish', 'potatoes', 'quality', 'expectation']","SECTION 1: THE CUSTOMER REALITY
  The customer submitted a Complaint about receiving rotten Tuna fish and potatoes upon receiving the delivery

  SECTION 2: THE STRATEGIC RESPONSE
  We need to Fix → Product Quality → Product Freshness to address delivery of rotten products that fail to meet quality expectations",delivery of rotten products that fail to meet quality expectations,"This is a direct failure in product quality control, leading to customer dissatisfaction and potential health risks. Immediate resolution is required to restore trust and ensure product integrity.","Reinforce quality assurance processes, reduce instances of spoiled product delivery, and protect brand reputation.",Agitation,Disappointed,Product & Selection,Product Quality,Product Freshness,Product Quality → Product Freshness,100,100,100
90,90.1,2025-05-30,10:07:38,Product are not available but shown on app and bill was not accurate.,Product Availability → Real-Time Stock Visibility,App Product Display,Inventory Integrity,Products were displayed as available on the app but were not actually in stock.,Complaint,Agitation – Frustrated,Digital Engagement,Product Browsing,when viewing product availability on the app,Fix,6,App Product Display – Complaint – Fix,"['product availability', 'app display', 'out of stock', 'inventory']","SECTION 1: THE CUSTOMER REALITY
  The customer submitted a Complaint that when viewing product availability on the app, products were shown as available but were not actually in stock

  SECTION 2: THE STRATEGIC RESPONSE
  We need to Fix → Product Availability → Real-Time Stock Visibility to address misleading product availability displays that show out-of-stock items as available",,"This is a direct failure of inventory integrity at a critical browsing moment, introducing friction and confusion. Fixing this restores purchase reliability and trust.","Reinstate confidence in real-time stock accuracy, reduce failed purchase attempts, and lower cart abandonment at the browsing stage.",Agitation,Frustrated,Inventory Integrity,Product Availability,Real-Time Stock Visibility,Product Availability → Real-Time Stock Visibility,100,100,100
90,90.2,2025-05-30,10:07:38,Product are not available but shown on app and bill was not accurate.,Billing Accuracy → Invoice Discrepancy,Billing System,Transaction Integrity,"The bill was not accurate, leading to potential overcharges or errors.",Complaint,Agitation – Annoyed,Checkout & Payment,Billing & Payment Confirmation,when reviewing the bill for accuracy,Fix,6,Billing System – Complaint – Fix,"['billing', 'invoice', 'accuracy', 'discrepancy', 'error']","SECTION 1: THE CUSTOMER REALITY
  The customer submitted a Complaint that when reviewing the bill for accuracy, the bill was not accurate, leading to potential overcharges or errors

  SECTION 2: THE STRATEGIC RESPONSE
  We need to Fix → Billing Accuracy → Invoice Discrepancy to address inaccurate billing that causes potential overcharges or errors",,"This represents a critical failure in transaction integrity, directly affecting customer trust and financial accuracy. Immediate resolution is required to prevent financial discrepancies and maintain trust.","Ensure billing accuracy, protect customer trust, and prevent financial disputes.",Agitation,Annoyed,Transaction Integrity,Billing Accuracy,Invoice Discrepancy,Billing Accuracy → Invoice Discrepancy,100,100,100
91,91.1,2025-06-06,10:07:38,The app is really disgusting. It is not updated according to the current available stock. The express orders are never delivered on the same day and on time. Products are usually out of stock just like Nestle sweet yogurt.,Product Availability → Real-Time Stock Visibility,Nestle Sweet Yogurt,Inventory Integrity,"The app fails to update stock availability, leading to frequent out-of-stock issues.",Complaint,Anger – Disgusted,Digital Engagement,Product Browsing,while checking product availability,Fix,7,Nestle Sweet Yogurt – Complaint – Fix,"['out of stock', 'real-time availability', 'Nestle sweet yogurt', 'frustration']","SECTION 1: THE CUSTOMER REALITY
  The customer submitted a Complaint about the app not updating stock availability, leading to frequent out-of-stock issues while checking product availability

  SECTION 2: THE STRATEGIC RESPONSE
  We need to Fix → Product Availability → Real-Time Stock Visibility to address inaccurate stock updates that cause frustration and missed purchases",inaccurate stock updates that cause frustration and missed purchases,"The failure to provide accurate stock information directly impacts purchase decisions and customer satisfaction, necessitating an immediate fix.","Improve stock accuracy, reduce customer frustration, and enhance purchase reliability.",Anger,Disgusted,Inventory Integrity,Product Availability,Real-Time Stock Visibility,Product Availability → Real-Time Stock Visibility,100,100,100
91,91.2,2025-06-06,10:07:38,The app is really disgusting. It is not updated according to the current available stock. The express orders are never delivered on the same day and on time. Products are usually out of stock just like Nestle sweet yogurt.,Delivery Experience → Timing,Express Orders,Delivery Reliability,Express orders are consistently not delivered on the same day and on time.,Complaint,Agitation – Frustrated,Delivery & Fulfillment,Order Fulfillment,during express order delivery,Fix,6,Express Orders – Complaint – Fix,"['express orders', 'delivery timing', 'same day', 'on time', 'frustration']","SECTION 1: THE CUSTOMER REALITY
  The customer submitted a Complaint about express orders not being delivered on the same day and on time during express order delivery

  SECTION 2: THE STRATEGIC RESPONSE
  We need to Fix → Delivery Experience → Timing to address delayed express deliveries that fail to meet promised timelines",delayed express deliveries that fail to meet promised timelines,"The failure to deliver express orders on time undermines customer trust and the service promise, requiring immediate corrective action.","Restore delivery reliability, meet customer expectations, and protect brand reputation.",Agitation,Frustrated,Delivery Reliability,Delivery Experience,Timing,Delivery Experience → Timing,100,100,100
92,92.1,2025-07-01,10:07:38,I like the service but chicken prices are too much high … every time i am satisfied but this time i am disappointed because i comment and request i want chicken in pieces but they give me whole which is too much difficult for me to cut in pieces … please always next time give me chicken to cut into pieces please please my request,Product Customization → Order Customization,Chicken Order Customization,Product & Selection,"Customer requested chicken in pieces but received a whole chicken, causing inconvenience.",Request,Agitation – Disappointed,Order & Fulfillment,Order Customization,during order fulfillment,Fix,6,Chicken Order Customization – Request – Fix,"['chicken', 'order customization', 'whole vs pieces', 'request', 'disappointment']","SECTION 1: THE CUSTOMER REALITY
  The customer made a Request about receiving a whole chicken instead of pieces during order fulfillment

  SECTION 2: THE STRATEGIC RESPONSE
  We need to Fix → Product Customization → Order Customization to address failure to honor order customization requests that lead to customer inconvenience",failure to honor order customization requests that lead to customer inconvenience,"The customer's specific request for order customization was not fulfilled, causing inconvenience and dissatisfaction. Addressing this ensures customer needs are met and enhances satisfaction.","Improve order accuracy, enhance customer satisfaction, and ensure customization requests are fulfilled.",Agitation,Disappointed,Product & Selection,Product Customization,Order Customization,Product Customization → Order Customization,100,100,100
93,93.1,2025-07-05,10:07:38,"When I place an order, the product is available, but at the time of delivery, it is not available. Please make necessary changes in the system so that if a product is available at the order, then it should be available for delivery.",Product Availability → Order Fulfillment Consistency,Order Availability System,Inventory Management,Customer experiences a discrepancy between product availability at order placement and actual delivery.,Request,Agitation – Frustrated,Order & Fulfillment,Order Confirmation to Delivery,during the transition from order confirmation to delivery,Fix,6,Order Availability System – Request – Fix,"['order placement', 'delivery', 'availability discrepancy', 'system change']","SECTION 1: THE CUSTOMER REALITY
  The customer made a Request about experiencing a discrepancy between product availability at order placement and actual delivery during the transition from order confirmation to delivery

  SECTION 2: THE STRATEGIC RESPONSE
  We need to Fix → Product Availability → Order Fulfillment Consistency to address availability discrepancies that prevent ordered products from being delivered as expected",availability discrepancies that prevent ordered products from being delivered as expected,"This is a critical failure in the order fulfillment process, causing customer frustration and undermining trust. Immediate resolution is needed to ensure consistency between order placement and delivery.","Restore confidence in order fulfillment, reduce delivery failures, and enhance customer satisfaction by ensuring product availability aligns with order confirmation.",Agitation,Frustrated,Inventory Management,Product Availability,Order Fulfillment Consistency,Product Availability → Order Fulfillment Consistency,100,100,100